<?xml version="1.0" encoding="UTF-8"?>
<QW value="天津市东丽区人民法院&#xD;&#xA;民事判决书&#xD;&#xA;                                            （2004）丽民初字第1040号&#xD;&#xA;原告张星艳，女，1973年6月28日出生，汉族，无职业，住天津市东丽区大毕庄镇大毕庄村。&#xD;&#xA;被告何丙年，男，1973年2月4日出生，汉族，无职业，住天津市东丽区大毕庄镇何庄村。&#xD;&#xA;原告张星艳与被告何丙年离婚纠纷一案，本院于2004年3月11日立案受理。依法由代理审判员田培东适用简易程序公开开庭进行了审理。原告张星艳、被告何丙年到庭参加诉讼。本案现已审理终结。&#xD;&#xA;原告张星艳诉称，婚后被告不务正业，经常欺骗原告，原告劝解后被告不思悔改。2003年2月双方发生矛盾分居生活，同年6月原告起诉离婚，法院判决不准离婚后，被告仍恶习不改，双方关系未有改善，夫妻感情确已破裂，故再次提起诉讼，要求与被告离婚，所生之子随原告生活，并改随母性。被告每月给付抚育费500元。孩子的保险单的投保人改为原告。&#xD;&#xA;被告何丙年辩称，原告所述离婚的理由事实并不存在，双方的夫妻感情并未破裂，不同意离婚和将孩子的姓氏改随母性。&#xD;&#xA;经审理查明：原、被告于1991年至1992年期间相识确立恋爱关系，1994年8月8日登记结婚。1996年3月8日生一子何族帅。婚后双方感情一般，2003年2月25日原、被告发生矛盾，原告携子回娘家居住，双方开始分居生活。同年6月2日原告向法院提起离婚诉讼，本院以（2003）丽民初字第2072号民事判决书判决不准予离婚。之后双方仍分居生活，未履行夫妻间的义务，夫妻关系亦未有改善，期间双方之子一直随原告生活。现原告再次以夫妻感情破裂为由起诉来院。庭审中，原、被告对离婚的态度各持己见，虽经本院调解，但未能达成协议。在财产方面双方对是否存在共同存款137000元存在争议，被告为证实存在共同存款提供了原告记载的流水帐、利息清单，原告则不认可存在共同存款。 &#xD;&#xA;本院认为，原、被告虽系自主婚姻，婚后亦建立了一定的夫妻感情，但双方未能处理好夫妻矛盾，使夫妻关系不睦。法院判决不准离婚后，双方仍分居生活不履行夫妻间的义务，夫妻感情也未有改善，原、被告已无和好可能，夫妻感情确已破裂，又经本院调解无效，故应准予二人离婚。双方所生之子一直随原告生活，且并无不当之处，应以随原告生活为宜。被告作为孩子的父亲应尽抚养义务，给付抚育费。关于被告主张的共同存款，因其提供的证据不能证实现存在该存款并在原告处，且又无其它证据证实，故本院不予采信。至于原告的其他请求，依据不足本院不予支持。综上，依据《中华人民共和国婚姻法》第三十二条、第三十六条、第三十七条之规定，判决如下：&#xD;&#xA;一、准予原告张星艳与被告何丙年离婚。&#xD;&#xA;二、双方之子何族帅随原告生活，被告自2004年3月起每月给付抚育费200元。（履行办法：被告于每月10日前给付。）&#xD;&#xA;三、驳回原、被告其他请求。&#xD;&#xA;案件受理费50元、其他费用200元，共计250元，原告负担125元，被告负担125元。&#xD;&#xA;如不服本判决，可在判决书送达之日起十五日内，向本院递交上诉状，并按对方当事人的人数提出副本，上诉于天津市第二中级人民法院。&#xD;&#xA;（此页无正文）&#xD;&#xA;代理审判员  田培东&#xD;&#xA;                              二零零四年五月九日&#xD;&#xA;                              书  记  员 姜秀嫒&#xD;&#xA;PAGE  &#xD;&#xA;1&#xD;" nameCN="全文">
  <WS value="天津市东丽区人民法院 民事判决书 （2004）丽民初字第1040号" nameCN="文首">
    <WSZZDW value="法院" nameCN="文书制作单位" />
    <JBFY value="天津市东丽区人民法院" nameCN="经办法院">
      <FYJB value="基层" nameCN="法院级别" />
      <XZQH_P value="天津" nameCN="行政区划(省)" />
    </JBFY>
    <WSMC value="民事判决书" nameCN="文书名称" />
    <AH value="（2004）丽民初字第1040号" nameCN="案号" />
    <LAND value="2004" nameCN="立案年度" />
    <AJXZ value="民事案件" nameCN="案件性质" />
    <WSZL value="判决书" nameCN="文书种类" />
    <SPCX value="一审案件" nameCN="审判程序" />
    <AJLX value="民事一审案件" nameCN="案件类型" />
  </WS>
  <SSCYRQJ value="原告张星艳，女，1973年6月28日出生，汉族，无职业，住天津市东丽区大毕庄镇大毕庄村。 被告何丙年，男，1973年2月4日出生，汉族，无职业，住天津市东丽区大毕庄镇何庄村。" nameCN="诉讼参与人全集">
    <SSCYR value="原告张星艳，女，1973年6月28日出生，汉族，无职业，住天津市东丽区大毕庄镇大毕庄村。" nameCN="诉讼参与人">
      <SSCYRMC value="张星艳" nameCN="诉讼参与人名称" />
      <SSSF value="原告" nameCN="诉讼身份" />
      <SSDW value="原告" nameCN="诉讼地位" />
      <DSRLB value="原告" nameCN="当事人类别" />
      <DSRLX value="自然人" nameCN="当事人类型" />
      <XB value="女" nameCN="性别" />
      <MZ value="汉族" nameCN="民族" />
      <CSRQ value="1973年6月28日" nameCN="出生日期">
        <Year value="1973" nameCN="年" />
        <Month value="6" nameCN="月" />
        <Day value="28" nameCN="日" />
      </CSRQ>
      <GJ value="中国" nameCN="国籍" />
      <DSRDZ value="天津市东丽区大毕庄镇大毕庄村" nameCN="当事人地址" />
      <DTQK value="到庭" nameCN="到庭情况" />
      <DWZWFZ nameCN="单位职务分组">
        <ZW value="无职业" nameCN="职务" />
      </DWZWFZ>
      <DSRSFZH value="否" nameCN="当事人是否再婚" />
    </SSCYR>
    <SSCYR value="被告何丙年，男，1973年2月4日出生，汉族，无职业，住天津市东丽区大毕庄镇何庄村。" nameCN="诉讼参与人">
      <SSCYRMC value="何丙年" nameCN="诉讼参与人名称" />
      <SSSF value="被告" nameCN="诉讼身份" />
      <SSDW value="被告" nameCN="诉讼地位" />
      <DSRLB value="被告" nameCN="当事人类别" />
      <DSRLX value="自然人" nameCN="当事人类型" />
      <XB value="男" nameCN="性别" />
      <MZ value="汉族" nameCN="民族" />
      <CSRQ value="1973年2月4日" nameCN="出生日期">
        <Year value="1973" nameCN="年" />
        <Month value="2" nameCN="月" />
        <Day value="4" nameCN="日" />
      </CSRQ>
      <GJ value="中国" nameCN="国籍" />
      <DSRDZ value="天津市东丽区大毕庄镇何庄村" nameCN="当事人地址" />
      <DTQK value="到庭" nameCN="到庭情况" />
      <DWZWFZ nameCN="单位职务分组">
        <ZW value="无职业" nameCN="职务" />
      </DWZWFZ>
      <DSRSFZH value="否" nameCN="当事人是否再婚" />
    </SSCYR>
    <SSCYRQJ value="错误" nameCN="保险公司是否作为被告" />
  </SSCYRQJ>
  <SSJL value="原告张星艳与被告何丙年离婚纠纷一案，本院于2004年3月11日立案受理。依法由代理审判员田培东适用简易程序公开开庭进行了审理。原告张星艳、被告何丙年到庭参加诉讼。本案现已审理终结。" nameCN="诉讼记录">
    <AY value="离婚纠纷" nameCN="案由" />
    <KTSL value="是" nameCN="开庭审理" />
    <KTSLXX value="公开审理" nameCN="开庭审理信息" />
    <WZAY value="离婚纠纷" nameCN="完整案由" />
    <AYDM value="9015" nameCN="案由代码" />
    <LARQ value="2004年3月11日" nameCN="立案日期" />
    <YSAJSYCX value="简易程序" nameCN="一审案件适用程序" />
    <JYZPT value="否" nameCN="简易转普通" />
    <YSAJLY value="新收" nameCN="一审案件来源" />
    <SLRQ value="2004年3月11日" nameCN="受理日期" />
    <CTDSRXX nameCN="出庭当事人信息">
      <CTRXM value="何丙年" nameCN="出庭人姓名">
        <SSDW value="被告" nameCN="诉讼地位" />
      </CTRXM>
      <CTRXM value="张星艳" nameCN="出庭人姓名">
        <SSDW value="原告" nameCN="诉讼地位" />
      </CTRXM>
    </CTDSRXX>
  </SSJL>
  <AJJBQK value="原告张星艳诉称，婚后被告不务正业，经常欺骗原告，原告劝解后被告不思悔改。2003年2月双方发生矛盾分居生活，同年6月原告起诉离婚，法院判决不准离婚后，被告仍恶习不改，双方关系未有改善，夫妻感情确已破裂，故再次提起诉讼，要求与被告离婚，所生之子随原告生活，并改随母性。被告每月给付抚育费500元。孩子的保险单的投保人改为原告。 被告何丙年辩称，原告所述离婚的理由事实并不存在，双方的夫妻感情并未破裂，不同意离婚和将孩子的姓氏改随母性。 经审理查明：原、被告于1991年至1992年期间相识确立恋爱关系，1994年8月8日登记结婚。1996年3月8日生一子何族帅。婚后双方感情一般，2003年2月25日原、被告发生矛盾，原告携子回娘家居住，双方开始分居生活。同年6月2日原告向法院提起离婚诉讼，本院以（2003）丽民初字第2072号民事判决书判决不准予离婚。之后双方仍分居生活，未履行夫妻间的义务，夫妻关系亦未有改善，期间双方之子一直随原告生活。现原告再次以夫妻感情破裂为由起诉来院。庭审中，原、被告对离婚的态度各持己见，虽经本院调解，但未能达成协议。在财产方面双方对是否存在共同存款137000元存在争议，被告为证实存在共同存款提供了原告记载的流水帐、利息清单，原告则不认可存在共同存款。" nameCN="案件基本情况">
    <YGSCD value="原告张星艳诉称，婚后被告不务正业，经常欺骗原告，原告劝解后被告不思悔改。2003年2月双方发生矛盾分居生活，同年6月原告起诉离婚，法院判决不准离婚后，被告仍恶习不改，双方关系未有改善，夫妻感情确已破裂，故再次提起诉讼，要求与被告离婚，所生之子随原告生活，并改随母性。被告每月给付抚育费500元。孩子的保险单的投保人改为原告。 " nameCN="原告诉称段">
      <SSJE nameCN="交通事故原告诉称诉讼金额">
        <SSJESL value="500元" nameCN="金额">
          <SSJELX value="抚育费" nameCN="类型" />
        </SSJESL>
      </SSJE>
    </YGSCD>
    <SGXQ value="未提及" nameCN="事故详情">
      <SGSJ value="未提及" nameCN="事故时间" />
      <SGDD value="未提及" nameCN="事故地点" />
    </SGXQ>
    <JDCSYR value="何丙年" nameCN="机动车所有人" />
    <SHRJZD value="天津市东丽区大毕庄镇大毕庄村" nameCN="受害人居住地" />
    <SHRZY value="无职业" nameCN="受害人职业" />
    <BGBCD value="被告何丙年辩称，原告所述离婚的理由事实并不存在，双方的夫妻感情并未破裂，不同意离婚和将孩子的姓氏改随母性。 " nameCN="被告辩称段" />
    <CMSSD value="经审理查明：原、被告于1991年至1992年期间相识确立恋爱关系，1994年8月8日登记结婚。1996年3月8日生一子何族帅。婚后双方感情一般，2003年2月25日原、被告发生矛盾，原告携子回娘家居住，双方开始分居生活。同年6月2日原告向法院提起离婚诉讼，本院以（2003）丽民初字第2072号民事判决书判决不准予离婚。之后双方仍分居生活，未履行夫妻间的义务，夫妻关系亦未有改善，期间双方之子一直随原告生活。现原告再次以夫妻感情破裂为由起诉来院。庭审中，原、被告对离婚的态度各持己见，虽经本院调解，但未能达成协议。在财产方面双方对是否存在共同存款137000元存在争议，被告为证实存在共同存款提供了原告记载的流水帐、利息清单，原告则不认可存在共同存款。" nameCN="查明事实段" />
  </AJJBQK>
  <CPFXGC value="本院认为，原、被告虽系自主婚姻，婚后亦建立了一定的夫妻感情，但双方未能处理好夫妻矛盾，使夫妻关系不睦。法院判决不准离婚后，双方仍分居生活不履行夫妻间的义务，夫妻感情也未有改善，原、被告已无和好可能，夫妻感情确已破裂，又经本院调解无效，故应准予二人离婚。双方所生之子一直随原告生活，且并无不当之处，应以随原告生活为宜。被告作为孩子的父亲应尽抚养义务，给付抚育费。关于被告主张的共同存款，因其提供的证据不能证实现存在该存款并在原告处，且又无其它证据证实，故本院不予采信。至于原告的其他请求，依据不足本院不予支持。综上，依据《中华人民共和国婚姻法》第三十二条、第三十六条、第三十七条之规定，判决如下：" nameCN="裁判分析过程">
    <JAFSLX value="判决" nameCN="结案方式类型" />
    <FLFTMC value="中华人民共和国婚姻法" nameCN="法律法条名称">
      <TM value="三十六" nameCN="条目" />
      <TM value="三十七" nameCN="条目" />
      <TM value="三十二" nameCN="条目" />
    </FLFTMC>
  </CPFXGC>
  <CPJG value="一、准予原告张星艳与被告何丙年离婚。 二、双方之子何族帅随原告生活，被告自2004年3月起每月给付抚育费200元。（履行办法：被告于每月10日前给付。） 三、驳回原、被告其他请求。 案件受理费50元、其他费用200元，共计250元，原告负担125元，被告负担125元。 如不服本判决，可在判决书送达之日起十五日内，向本院递交上诉状，并按对方当事人的人数提出副本，上诉于天津市第二中级人民法院。 （此页无正文）" nameCN="裁判结果">
    <JAFS value="判决" nameCN="结案方式" />
    <PCSFSXZQ value="正确" nameCN="同时起诉侵权人与保险公司的赔偿顺序" />
    <JTPJJG value="一、准予原告张星艳与被告何丙年离婚。" nameCN="具体裁判段" />
    <JTPJJG value="二、双方之子何族帅随原告生活，被告自2004年3月起每月给付抚育费200元。（履行办法：被告于每月10日前给付。）" nameCN="具体裁判段">
      <PJJE nameCN="判决金额">
        <JE value="200元" nameCN="金额" />
        <JELX value="抚育费" nameCN="金额类型" />
      </PJJE>
    </JTPJJG>
    <JTPJJG value="三、驳回原、被告其他请求。" nameCN="具体裁判段" />
    <SSFCD nameCN="诉讼费承担">
      <SSFCDJL value="案件受理费50元、其他费用200元，共计250元，原告负担125元，被告负担125元。" nameCN="诉讼费承担记录">
        <SSFJE value="50元" nameCN="诉讼费金额" />
        <SSFZL value="受理费" nameCN="诉讼费种类" />
        <SSFJE value="200元" nameCN="诉讼费金额" />
        <SSFZL value="其他费用" nameCN="诉讼费种类" />
      </SSFCDJL>
    </SSFCD>
    <SFFHCS value="否" nameCN="是否发回重审" />
    <KSSZ value="天津市第二中级人民法院" nameCN="可上诉至" />
    <SSTJCL value="上诉状，并按对方当事人的人数提出副本" nameCN="上诉提交材料" />
    <SSQX value="十五日" nameCN="上诉期限" />
    <TCGXQYY value="否" nameCN="是否提出管辖权异议" />
  </CPJG>
  <WW value="代理审判员田培东 二零零四年五月九日 书记员姜秀嫒" nameCN="文尾">
    <SPZZCY nameCN="审判组织成员">
      <SPRYXM value="田培东" nameCN="审判人员姓名" />
      <SPRYJS value="代理审判员" nameCN="审判人员角色" />
    </SPZZCY>
    <SPZZCY nameCN="审判组织成员">
      <SPRYXM value="姜秀嫒" nameCN="审判人员姓名" />
      <SPRYJS value="书记员" nameCN="审判人员角色" />
    </SPZZCY>
    <CPSJ value="2004年5月9日" nameCN="裁判时间">
      <Year value="2004" nameCN="结案年度" />
      <JANYR value="2004年5月9日" nameCN="结案年月日" />
      <JANY value="2004-5" nameCN="结案年月" />
      <Month value="5" nameCN="月" />
      <Day value="9" nameCN="日" />
    </CPSJ>
  </WW>
</QW>

