<?xml version="1.0" encoding="UTF-8"?>
<QW value="天津市红桥区人民法院&#xD;&#xA;民事判决书&#xD;&#xA;(2008)红民一初字第0619号&#xD;&#xA;原告王俊兰，女，1960年5月6日出生，汉族，身份证号：120105196005063329，天津市摩擦密封材料总厂退休工人，住本市北辰区天穆镇外园4段6排7号。&#xD;&#xA;被告王启国，男，1960年2月8日出生，现下落不明。&#xD;&#xA;    原告王俊兰与被告王启国离婚纠纷一案，本院受理后，依法组成合议庭，公开开庭进行了审理。原告王俊兰到庭参加诉讼，被告王启国经本院依法传唤未到庭应诉，依法缺席审理。本案现已审理终结。&#xD;&#xA;原告王俊兰诉称，于1986年我与被告经人介绍相识恋爱，婚后初期感情尚可，后被告不管家，经常夜不归宿，逐渐无共同语言，于2002年被告离家出走至今未归，我与被告已无感情，要求离婚。&#xD;&#xA;原告提供如下证据证明被告于2002年离家出走至今下落不明：&#xD;&#xA;案外人赵凤萍等二人签字的证明复印件，载明：证明我丈夫王启国6年没有回家.下落不明.从2002年-2008年一直未归.王俊兰.2008、3、17；红桥区咸阳北路街道幸福社区居委会出具的证明复印件，载明：王俊兰及丈夫王启国系我社区居民，户籍在红桥区咸阳北路街旺苍1号楼14号，经楼里居民证明王启国6年没有回家。&#xD;&#xA;被告王启国未答辩。&#xD;&#xA;经审理查明，原、被告于1986年7月16日登记结婚，1988年11月12日生育一子名王金泉(原名王松松)。庭审中，原告称被告于2002年离家出走至今下落不明；称2003年家里被撬后回来过但当天就走了；还称2008年年前，其邻居告知在北辰区华润超市见过被告买东西等等，现原告以夫妻感情破裂为由诉至本院要求离婚。被告经本院依法传唤未出庭应诉。 &#xD;&#xA;上述事实有原告陈述及相关证据在案证实。&#xD;&#xA;本院认为，原、被告系自由恋爱、自主结婚，有一定的感情&#xD;&#xA;基础。原告提供的证据不能做为认定被告自2002年离家出走至今下落不明的依据，原告主张与被告感情已经破裂无充足证据证明，故对原告要求离婚的诉讼请求，本院不予支持。被告经本院合法传唤未出庭应诉，依法缺席判决。综上，依照《中华人民共和国民事诉讼法》第一百三十条及《中华人民共和国婚姻法》第三十二条第二款之规定，判决如下：&#xD;&#xA;驳回原告王俊兰离婚之诉讼请求。&#xD;&#xA;案件受理费200元，公告费560元，由原告负担。&#xD;&#xA;如不服本判决，可在判决书送达之日起十五日内，向本院递交上诉状并按对方当事人的人数提出副本，上诉于天津市第一中级人民法院。                                                   &#xD;&#xA;                                  审  判  长   魏  忠&#xD;&#xA;代理审判员   王云鹭&#xD;&#xA;代理审判员   周  妍&#xD;&#xA;二○○八 年  月  日&#xD;&#xA;书  记  员   张彦海&#xD;&#xA;1&#xD;" nameCN="全文">
  <WS value="天津市红桥区人民法院 民事判决书 (2008)红民一初字第0619号" nameCN="文首">
    <WSZZDW value="法院" nameCN="文书制作单位" />
    <JBFY value="天津市红桥区人民法院" nameCN="经办法院">
      <FYJB value="基层" nameCN="法院级别" />
      <XZQH_P value="天津" nameCN="行政区划(省)" />
    </JBFY>
    <WSMC value="民事判决书" nameCN="文书名称" />
    <AH value="(2008)红民一初字第0619号" nameCN="案号" />
    <LAND value="2008" nameCN="立案年度" />
    <AJXZ value="民事案件" nameCN="案件性质" />
    <WSZL value="判决书" nameCN="文书种类" />
    <SPCX value="一审案件" nameCN="审判程序" />
    <AJLX value="民事一审案件" nameCN="案件类型" />
  </WS>
  <SSCYRQJ value="原告王俊兰，女，1960年5月6日出生，汉族，身份证号：120105196005063329，天津市摩擦密封材料总厂退休工人，住本市北辰区天穆镇外园4段6排7号。 被告王启国，男，1960年2月8日出生，现下落不明。" nameCN="诉讼参与人全集">
    <SSCYR value="原告王俊兰，女，1960年5月6日出生，汉族，身份证号：120105196005063329，天津市摩擦密封材料总厂退休工人，住本市北辰区天穆镇外园4段6排7号。" nameCN="诉讼参与人">
      <SSCYRMC value="王俊兰" nameCN="诉讼参与人名称" />
      <SSSF value="原告" nameCN="诉讼身份" />
      <SSDW value="原告" nameCN="诉讼地位" />
      <DSRLB value="原告" nameCN="当事人类别" />
      <DSRLX value="自然人" nameCN="当事人类型" />
      <XB value="女" nameCN="性别" />
      <MZ value="汉族" nameCN="民族" />
      <CSRQ value="1960年5月6日" nameCN="出生日期">
        <Year value="1960" nameCN="年" />
        <Month value="5" nameCN="月" />
        <Day value="6" nameCN="日" />
      </CSRQ>
      <GJ value="中国" nameCN="国籍" />
      <DSRDZ value="本市北辰区天穆镇外园4段6排7号" nameCN="当事人地址" />
      <DTQK value="到庭" nameCN="到庭情况" />
      <DWZWFZ nameCN="单位职务分组">
        <ZW value="退休工人" nameCN="职务" />
      </DWZWFZ>
      <DSRSFZH value="否" nameCN="当事人是否再婚" />
    </SSCYR>
    <SSCYR value="被告王启国，男，1960年2月8日出生，现下落不明。" nameCN="诉讼参与人">
      <SSCYRMC value="王启国" nameCN="诉讼参与人名称" />
      <SSSF value="被告" nameCN="诉讼身份" />
      <SSDW value="被告" nameCN="诉讼地位" />
      <DSRLB value="被告" nameCN="当事人类别" />
      <DSRLX value="自然人" nameCN="当事人类型" />
      <XB value="男" nameCN="性别" />
      <CSRQ value="1960年2月8日" nameCN="出生日期">
        <Year value="1960" nameCN="年" />
        <Month value="2" nameCN="月" />
        <Day value="8" nameCN="日" />
      </CSRQ>
      <GJ value="中国" nameCN="国籍" />
      <DSRSFZH value="否" nameCN="当事人是否再婚" />
    </SSCYR>
    <SSCYRQJ value="错误" nameCN="保险公司是否作为被告" />
  </SSCYRQJ>
  <SSJL value="原告王俊兰与被告王启国离婚纠纷一案，本院受理后，依法组成合议庭，公开开庭进行了审理。原告王俊兰到庭参加诉讼，被告王启国经本院依法传唤未到庭应诉，依法缺席审理。本案现已审理终结。" nameCN="诉讼记录">
    <AY value="离婚纠纷" nameCN="案由" />
    <KTSL value="是" nameCN="开庭审理" />
    <KTSLXX value="公开审理" nameCN="开庭审理信息" />
    <WZAY value="离婚纠纷" nameCN="完整案由" />
    <AYDM value="9015" nameCN="案由代码" />
    <YSAJSYCX value="普通程序" nameCN="一审案件适用程序" />
    <JYZPT value="否" nameCN="简易转普通" />
    <SPZZ value="合议庭" nameCN="审判组织" />
    <YSAJLY value="新收" nameCN="一审案件来源" />
    <DXRQX nameCN="当事人缺席">
      <XM value="王启国" nameCN="姓名">
        <SSDW value="被告" nameCN="诉讼地位" />
      </XM>
    </DXRQX>
    <CTDSRXX nameCN="出庭当事人信息">
      <CTRXM value="王俊兰" nameCN="出庭人姓名">
        <SSDW value="原告" nameCN="诉讼地位" />
      </CTRXM>
    </CTDSRXX>
  </SSJL>
  <AJJBQK value="原告王俊兰诉称，于1986年我与被告经人介绍相识恋爱，婚后初期感情尚可，后被告不管家，经常夜不归宿，逐渐无共同语言，于2002年被告离家出走至今未归，我与被告已无感情，要求离婚。 原告提供如下证据证明被告于2002年离家出走至今下落不明： 案外人赵凤萍等二人签字的证明复印件，载明：证明我丈夫王启国6年没有回家.下落不明.从2002年-2008年一直未归.王俊兰.2008、3、17；红桥区咸阳北路街道幸福社区居委会出具的证明复印件，载明：王俊兰及丈夫王启国系我社区居民，户籍在红桥区咸阳北路街旺苍1号楼14号，经楼里居民证明王启国6年没有回家。 被告王启国未答辩。 经审理查明，原、被告于1986年7月16日登记结婚，1988年11月12日生育一子名王金泉(原名王松松)。庭审中，原告称被告于2002年离家出走至今下落不明；称2003年家里被撬后回来过但当天就走了；还称2008年年前，其邻居告知在北辰区华润超市见过被告买东西等等，现原告以夫妻感情破裂为由诉至本院要求离婚。被告经本院依法传唤未出庭应诉。 上述事实有原告陈述及相关证据在案证实。" nameCN="案件基本情况">
    <YGSCD value="原告王俊兰诉称，于1986年我与被告经人介绍相识恋爱，婚后初期感情尚可，后被告不管家，经常夜不归宿，逐渐无共同语言，于2002年被告离家出走至今未归，我与被告已无感情，要求离婚。 " nameCN="原告诉称段" />
    <SGXQ value="未提及" nameCN="事故详情">
      <SGSJ value="未提及" nameCN="事故时间" />
      <SGDD value="未提及" nameCN="事故地点" />
    </SGXQ>
    <JDCSYR value="王启国" nameCN="机动车所有人" />
    <SHRJZD value="本市北辰区天穆镇外园4段6排7号" nameCN="受害人居住地" />
    <SHRZY value="退休工人" nameCN="受害人职业" />
    <BGBCD value="被告王启国未答辩。 " nameCN="被告辩称段" />
    <ZJD value="原告提供如下证据证明被告于2002年离家出走至今下落不明：案外人赵凤萍等二人签字的证明复印件，载明：证明我丈夫王启国6年没有回家.下落不明.从2002年-2008年一直未归.王俊兰.2008、3、17；红桥区咸阳北路街道幸福社区居委会出具的证明复印件，载明：王俊兰及丈夫王启国系我社区居民，户籍在红桥区咸阳北路街旺苍1号楼14号，经楼里居民证明王启国6年没有回家。 " nameCN="证据段" />
    <ZJD value="上述事实有原告陈述及相关证据在案证实。 " nameCN="证据段" />
    <CMSSD value="经审理查明，原、被告于1986年7月16日登记结婚，1988年11月12日生育一子名王金泉(原名王松松)。庭审中，原告称被告于2002年离家出走至今下落不明；称2003年家里被撬后回来过但当天就走了；还称2008年年前，其邻居告知在北辰区华润超市见过被告买东西等等，现原告以夫妻感情破裂为由诉至本院要求离婚。被告经本院依法传唤未出庭应诉。" nameCN="查明事实段" />
  </AJJBQK>
  <CPFXGC value="本院认为，原、被告系自由恋爱、自主结婚，有一定的感情基础。原告提供的证据不能做为认定被告自2002年离家出走至今下落不明的依据，原告主张与被告感情已经破裂无充足证据证明，故对原告要求离婚的诉讼请求，本院不予支持。被告经本院合法传唤未出庭应诉，依法缺席判决。综上，依照《中华人民共和国民事诉讼法》第一百三十条及《中华人民共和国婚姻法》第三十二条第二款之规定，判决如下：" nameCN="裁判分析过程">
    <JAFSLX value="判决" nameCN="结案方式类型" />
    <FLFTMC value="中华人民共和国民事诉讼法" nameCN="法律法条名称">
      <TM value="一百三十" nameCN="条目" />
    </FLFTMC>
    <FLFTMC value="中华人民共和国婚姻法" nameCN="法律法条名称">
      <TM value="三十二" nameCN="条目">
        <KM value="第二款" nameCN="款目" />
      </TM>
    </FLFTMC>
  </CPFXGC>
  <CPJG value="驳回原告王俊兰离婚之诉讼请求。 案件受理费200元，公告费560元，由原告负担。 如不服本判决，可在判决书送达之日起十五日内，向本院递交上诉状并按对方当事人的人数提出副本，上诉于天津市第一中级人民法院。" nameCN="裁判结果">
    <JAFS value="判决" nameCN="结案方式" />
    <PCSFSXZQ value="正确" nameCN="同时起诉侵权人与保险公司的赔偿顺序" />
    <JTPJJG value="驳回原告王俊兰离婚之诉讼请求。" nameCN="具体裁判段" />
    <SSFCD nameCN="诉讼费承担">
      <SSFCDJL value="案件受理费200元，公告费560元，由原告负担。" nameCN="诉讼费承担记录">
        <SSFJE value="200元" nameCN="诉讼费金额" />
        <SSFZL value="受理费" nameCN="诉讼费种类" />
        <SSFJE value="560元" nameCN="诉讼费金额" />
        <SSFZL value="公告费" nameCN="诉讼费种类" />
      </SSFCDJL>
    </SSFCD>
    <SFFHCS value="否" nameCN="是否发回重审" />
    <KSSZ value="天津市第一中级人民法院" nameCN="可上诉至" />
    <SSTJCL value="上诉状并按对方当事人的人数提出副本" nameCN="上诉提交材料" />
    <SSQX value="十五日" nameCN="上诉期限" />
    <TCGXQYY value="否" nameCN="是否提出管辖权异议" />
  </CPJG>
  <WW value="审判长魏忠 代理审判员王云鹭 代理审判员周妍 二○○八年月日 书记员张彦海 1 " nameCN="文尾">
    <SPZZCY nameCN="审判组织成员">
      <SPRYXM value="周妍" nameCN="审判人员姓名" />
      <SPRYJS value="代理审判员" nameCN="审判人员角色" />
    </SPZZCY>
    <SPZZCY nameCN="审判组织成员">
      <SPRYXM value="张彦海" nameCN="审判人员姓名" />
      <SPRYJS value="书记员" nameCN="审判人员角色" />
    </SPZZCY>
    <SPZZCY nameCN="审判组织成员">
      <SPRYXM value="魏忠" nameCN="审判人员姓名" />
      <SPRYJS value="审判长" nameCN="审判人员角色" />
    </SPZZCY>
    <SPZZCY nameCN="审判组织成员">
      <SPRYXM value="王云鹭" nameCN="审判人员姓名" />
      <SPRYJS value="代理审判员" nameCN="审判人员角色" />
    </SPZZCY>
  </WW>
</QW>

