<?xml version="1.0" encoding="UTF-8"?>
<QW value="天津市南开区人民法院&#xD;&#xA;民   事   裁   定   书&#xD;&#xA;（2010）南民初字第2493号&#xD;&#xA;原告杜志慧，女，1968年10月5日，汉族，无职业，住天津市南开区南开大学西南村8-2-107号，身份证号120104196810055122。&#xD;&#xA;被告王培录，男，1962年11月17日出生，汉族，个体工商户，住同原告。   &#xD;&#xA;本院在审理原告杜志慧与被告王培录离婚纠纷一案中，原告杜志慧于二○一○年三月二十五日向本院提出撤诉申请。&#xD;&#xA;本院认为，原告自行处分诉讼权利并无不当。依照《中华人民共和国民事诉讼法》第一百三十一条第一款的规定，裁定如下：&#xD;&#xA;    准许原告杜志慧撤回起诉。&#xD;&#xA;案件受理费200元，减半收取，由原告负担。&#xD;&#xA;        代理审判员     张建民&#xD;&#xA;二○一○年三月二十五日&#xD;&#xA;书  记  员     马春红&#xD;&#xA;PAGE  &#xD;&#xA;1&#xD;" nameCN="全文">
  <WS value="天津市南开区人民法院 民事裁定书 （2010）南民初字第2493号" nameCN="文首">
    <WSZZDW value="法院" nameCN="文书制作单位" />
    <JBFY value="天津市南开区人民法院" nameCN="经办法院">
      <FYJB value="基层" nameCN="法院级别" />
      <XZQH_P value="天津" nameCN="行政区划(省)" />
    </JBFY>
    <WSMC value="民事裁定书" nameCN="文书名称" />
    <AH value="（2010）南民初字第2493号" nameCN="案号" />
    <LAND value="2010" nameCN="立案年度" />
    <AJXZ value="民事案件" nameCN="案件性质" />
    <WSZL value="裁定书" nameCN="文书种类" />
    <SPCX value="一审案件" nameCN="审判程序" />
    <AJLX value="民事一审案件" nameCN="案件类型" />
  </WS>
  <SSCYRQJ value="原告杜志慧，女，1968年10月5日，汉族，无职业，住天津市南开区南开大学西南村8-2-107号，身份证号120104196810055122。 被告王培录，男，1962年11月17日出生，汉族，个体工商户，住同原告。" nameCN="诉讼参与人全集">
    <SSCYR value="原告杜志慧，女，1968年10月5日，汉族，无职业，住天津市南开区南开大学西南村8-2-107号，身份证号120104196810055122。" nameCN="诉讼参与人">
      <SSCYRMC value="杜志慧" nameCN="诉讼参与人名称" />
      <SSSF value="原告" nameCN="诉讼身份" />
      <SSDW value="原告" nameCN="诉讼地位" />
      <DSRLB value="原告" nameCN="当事人类别" />
      <DSRLX value="自然人" nameCN="当事人类型" />
      <XB value="女" nameCN="性别" />
      <MZ value="汉族" nameCN="民族" />
      <GJ value="中国" nameCN="国籍" />
      <DSRDZ value="天津市南开区南开大学西南村8-2-107号" nameCN="当事人地址" />
      <DWZWFZ nameCN="单位职务分组">
        <ZW value="无职业" nameCN="职务" />
      </DWZWFZ>
      <DSRSFZH value="否" nameCN="当事人是否再婚" />
    </SSCYR>
    <SSCYR value="被告王培录，男，1962年11月17日出生，汉族，个体工商户，住同原告。" nameCN="诉讼参与人">
      <SSCYRMC value="王培录" nameCN="诉讼参与人名称" />
      <SSSF value="被告" nameCN="诉讼身份" />
      <SSDW value="被告" nameCN="诉讼地位" />
      <DSRLB value="被告" nameCN="当事人类别" />
      <DSRLX value="自然人" nameCN="当事人类型" />
      <XB value="男" nameCN="性别" />
      <MZ value="汉族" nameCN="民族" />
      <CSRQ value="1962年11月17日" nameCN="出生日期">
        <Year value="1962" nameCN="年" />
        <Month value="11" nameCN="月" />
        <Day value="17" nameCN="日" />
      </CSRQ>
      <GJ value="中国" nameCN="国籍" />
      <DSRDZ value="同原告" nameCN="当事人地址" />
      <DWZWFZ nameCN="单位职务分组">
        <ZW value="个体" nameCN="职务" />
      </DWZWFZ>
      <DSRSFZH value="否" nameCN="当事人是否再婚" />
    </SSCYR>
    <SSCYRQJ value="错误" nameCN="保险公司是否作为被告" />
  </SSCYRQJ>
  <SSJL value="本院在审理原告杜志慧与被告王培录离婚纠纷一案中，原告杜志慧于二○一○年三月二十五日向本院提出撤诉申请。" nameCN="诉讼记录">
    <AY value="离婚纠纷" nameCN="案由" />
    <KTSL value="否" nameCN="开庭审理" />
    <WZAY value="离婚纠纷" nameCN="完整案由" />
    <AYDM value="9015" nameCN="案由代码" />
    <YSAJSYCX value="普通程序" nameCN="一审案件适用程序" />
    <JYZPT value="否" nameCN="简易转普通" />
    <SPZZ value="独任庭" nameCN="审判组织" />
    <YSAJLY value="新收" nameCN="一审案件来源" />
    <SQCSRQ value="二○一○年三月二十五日" nameCN="申请撤诉日期" />
  </SSJL>
  <CPFXGC value="本院认为，原告自行处分诉讼权利并无不当。依照《中华人民共和国民事诉讼法》第一百三十一条第一款的规定，裁定如下：" nameCN="裁判分析过程">
    <JAFSLX value="裁定" nameCN="结案方式类型" />
    <FLFTMC value="中华人民共和国民事诉讼法" nameCN="法律法条名称">
      <TM value="一百三十一" nameCN="条目">
        <KM value="第一款" nameCN="款目" />
      </TM>
    </FLFTMC>
  </CPFXGC>
  <CPJG value="准许原告杜志慧撤回起诉。 案件受理费200元，减半收取，由原告负担。" nameCN="裁判结果">
    <JAFS value="准予撤诉" nameCN="结案方式" />
    <PCSFSXZQ value="正确" nameCN="同时起诉侵权人与保险公司的赔偿顺序" />
    <JTPJJG value="准许原告杜志慧撤回起诉。" nameCN="具体裁判段" />
    <SSFCD nameCN="诉讼费承担">
      <SSFCDJL value="案件受理费200元，减半收取，由原告负担。" nameCN="诉讼费承担记录">
        <SSFJE value="200元" nameCN="诉讼费金额" />
        <SSFZL value="受理费" nameCN="诉讼费种类" />
      </SSFCDJL>
    </SSFCD>
    <SFFHCS value="否" nameCN="是否发回重审" />
    <CSRJH nameCN="撤诉人集合">
      <CSR value="杜志慧" nameCN="撤诉人" />
    </CSRJH>
    <CSLX value="原告主动撤诉" nameCN="撤诉类型" />
    <TCGXQYY value="否" nameCN="是否提出管辖权异议" />
  </CPJG>
  <WW value="代理审判员张建民 二○一○年三月二十五日 书记员马春红" nameCN="文尾">
    <SPZZCY nameCN="审判组织成员">
      <SPRYXM value="马春红" nameCN="审判人员姓名" />
      <SPRYJS value="书记员" nameCN="审判人员角色" />
    </SPZZCY>
    <SPZZCY nameCN="审判组织成员">
      <SPRYXM value="张建民" nameCN="审判人员姓名" />
      <SPRYJS value="代理审判员" nameCN="审判人员角色" />
    </SPZZCY>
    <CPSJ value="2010年3月25日" nameCN="裁判时间">
      <Year value="2010" nameCN="结案年度" />
      <JANYR value="2010年3月25日" nameCN="结案年月日" />
      <JANY value="2010-3" nameCN="结案年月" />
      <Month value="3" nameCN="月" />
      <Day value="25" nameCN="日" />
    </CPSJ>
  </WW>
</QW>

