<?xml version="1.0" encoding="UTF-8"?>
<QW value="天津市南开区人民法院&#xD;&#xA;民   事   判   决   书&#xD;&#xA;（2012）南民初字第1927号&#xD;&#xA;原告王健森，男，1974年4月21日出生，汉族，天津市南开区澄江路房管站干部，住天津市南开区芥园西道怡园里9-2-102号，身份证号120104197404210814。&#xD;&#xA;委托代理人刘桂萍（朋友关系），女，1952年9月8日出生，汉族，南开区司法局退休干部，住天津市红桥区涟园里5-1-201号，公民身份号码12010419520908004X。&#xD;&#xA;被告訾月莉，女，1978年10月24日出生，汉族，天津国美电器有限公司人事主管，住天津市南开区芥园西道芥园中里4-1-401，公民身份号码120105197810240644。 &#xD;&#xA;委托代理人王福，天津市河北区法律服务中心法律工作者。&#xD;&#xA;原告王健森与被告訾月莉离婚纠纷一案，本院受理后，依法由审判员樊振权独任审判，公开开庭进行了审理。原告王健森及其委托代理人刘桂萍，被告訾月莉及其委托代理人王福均到庭参加诉讼。本案现已审理终结。&#xD;&#xA;原告王健森诉称，双方婚后感情较好，但近半年来被告与社会上不良人员接触频繁，沾染了赌博恶习并欠下较多赌债，原告对被告的行为多次予以规劝，被告承诺为了孩子及家庭的利益不再参与赌博；2012年2月15日原告之母以及原告的妹妹及他人在原、被告自己家中发现被告裸体与一男子在一起，后报警，但被告事后予以否认，鉴于上述事实，原、被告感情已经彻底破裂并无和好可能，故原告坚持要求与被告离婚。&#xD;&#xA;被告訾月莉辩称，双方婚后14年感情很好，并没有与不良人员接触，所欠之债并不是赌债，而是被告为了家庭生活及孩子教育通过银行透支卡透支的三万元，而且原告知晓并替被告还了欠款。2012年2月15日并不是原告所想那样，该男子是被告的朋友的男朋友，拜年来看被告，因为该男子晚上还有事所以借用原、被告家的卫生间洗澡，后在屋里取暖，而被告当时也顺便洗澡，正在这时原告的母亲与原告的妹妹自行进屋，被告担心发生误会才赤身裸体的从浴室走出来，误会产生后，原告提出离婚，被告多次通过短信的方式请求被告的谅解，但得不到回应，被告对原告是非常有感情的，对自己的行为方式认可是错的，希望原告能够念及以往的夫妻感情及孩子的利益给被告一次机会，故被告不同意离婚。&#xD;&#xA;原告为支持其诉讼，向本院提交证据1、结婚证复印件一份，证明原、被告系夫妻关系；证据2、照片三张，证明2012年2月15日当天被告与一男子在家中赤身裸体。&#xD;&#xA;被告对原告提交的证据1、无异议；对于证据2、3真实性无意，但不能说明当时被告与男子发生了不正当的行为。&#xD;&#xA;被告为支持其抗辩主张向本院提交证据1、浦发银行还款单；证据2、天津中医药大学第一附属医院检查报告单。&#xD;&#xA;被告对原告提交的证据1、2真实性无异议，但是原告没有见过证据一，而且对于证据二，是原告找人在医院替被告检查，所以不是因为原告因为被告患病才提出离婚。&#xD;&#xA;经审理查明，原、被告于1995年相识，于1998年3月16日登记结婚，2009年9月1日婚生一女王漫柠，现年12岁。&#xD;&#xA;婚后双方感情很好，2012年2月15日原告的母亲及原告的妹妹以及他人在原、被告的家中发现被告浴后与一异性男子在一起，遂报警，此事发生后引起原告的较多怀疑及心理负担，此后双方分居生活，原告以夫妻感情彻底破裂为由起诉来院。庭审中，原告向法庭提供的照片显示被告的行为确实无法让人理解，但被告坚持其品行端正，清白无辜。原告对于被告赌博及被告是否与异性存在不正当行为未能提供更充分的证据证实，被告诚恳表示与原告感情很好，愿意消除误解，与原告重归于好，故不同意离婚。基此，本院调解未果。&#xD;&#xA;以上事实有原、被告当庭陈述及相关证据予以证实。&#xD;&#xA;本院认为，原、被告系自由恋爱，自主结婚，婚姻基础深厚。在婚后的共同生活期间双方的感情较好，近半年来双方关系开始恶化，起因系被告赤身与一异性男子在原、被告家中，此节被原告家人发现，引起原告对被告人品的怀疑，应该指出被告在处理与异性朋友关系的问题上缺乏慎重和理智，其放任自己的行为必然导致原告对其产生怀疑和误解，所以导致原告起诉离婚的主要原因系被告所致，鉴于被告对其行为的处理方式有明确认知，同时愿意消除误解与原告重归于好，其真诚意思表示原告应予充分响应，为了维护婚姻家庭的稳定，构建和谐的夫妻关系，同时为子女今后的成长及教育考虑，原告坚持离婚欠妥，纵观本案事实，双方夫妻感情目前尚未完全破裂，故本院对于原告离婚的诉讼请求奈难支持。综上，本院依据《中华人民共和国婚姻法》第三十二条之规定判决如下：&#xD;&#xA;驳回原告王健森离婚之诉讼请求。&#xD;&#xA;案件受理费200元，减半收取，由原告负担。&#xD;&#xA;如不服本判决，可在判决书送达之日起15日内，向本院递交上诉状，并按对方当事人的人数提出副本，上诉于天津市第一中级人民法院。&#xD;&#xA;审  判   员   樊振权&#xD;&#xA;二○一二年五月八日&#xD;&#xA;书  记  员    程  倩&#xD;&#xA;PAGE  &#xD;&#xA;2&#xD;" nameCN="全文">
  <WS value="天津市南开区人民法院 民事判决书 （2012）南民初字第1927号" nameCN="文首">
    <WSZZDW value="法院" nameCN="文书制作单位" />
    <JBFY value="天津市南开区人民法院" nameCN="经办法院">
      <FYJB value="基层" nameCN="法院级别" />
      <XZQH_P value="天津" nameCN="行政区划(省)" />
    </JBFY>
    <WSMC value="民事判决书" nameCN="文书名称" />
    <AH value="（2012）南民初字第1927号" nameCN="案号" />
    <LAND value="2012" nameCN="立案年度" />
    <AJXZ value="民事案件" nameCN="案件性质" />
    <WSZL value="判决书" nameCN="文书种类" />
    <SPCX value="一审案件" nameCN="审判程序" />
    <AJLX value="民事一审案件" nameCN="案件类型" />
  </WS>
  <SSCYRQJ value="原告王健森，男，1974年4月21日出生，汉族，天津市南开区澄江路房管站干部，住天津市南开区芥园西道怡园里9-2-102号，身份证号120104197404210814。 委托代理人刘桂萍（朋友关系），女，1952年9月8日出生，汉族，南开区司法局退休干部，住天津市红桥区涟园里5-1-201号，公民身份号码12010419520908004X。 被告訾月莉，女，1978年10月24日出生，汉族，天津国美电器有限公司人事主管，住天津市南开区芥园西道芥园中里4-1-401，公民身份号码120105197810240644。 委托代理人王福，天津市河北区法律服务中心法律工作者。" nameCN="诉讼参与人全集">
    <SSCYR value="原告王健森，男，1974年4月21日出生，汉族，天津市南开区澄江路房管站干部，住天津市南开区芥园西道怡园里9-2-102号，身份证号120104197404210814。" nameCN="诉讼参与人">
      <SSCYRMC value="王健森" nameCN="诉讼参与人名称" />
      <SSSF value="原告" nameCN="诉讼身份" />
      <SSDW value="原告" nameCN="诉讼地位" />
      <DSRLB value="原告" nameCN="当事人类别" />
      <DSRLX value="自然人" nameCN="当事人类型" />
      <XB value="男" nameCN="性别" />
      <MZ value="汉族" nameCN="民族" />
      <CSRQ value="1974年4月21日" nameCN="出生日期">
        <Year value="1974" nameCN="年" />
        <Month value="4" nameCN="月" />
        <Day value="21" nameCN="日" />
      </CSRQ>
      <GJ value="中国" nameCN="国籍" />
      <DSRDZ value="天津市南开区芥园西道怡园里9-2-102号" nameCN="当事人地址" />
      <DWZWFZ nameCN="单位职务分组">
        <ZW value="干部" nameCN="职务" />
      </DWZWFZ>
      <DSRSFZH value="否" nameCN="当事人是否再婚" />
    </SSCYR>
    <SSCYR value="委托代理人刘桂萍（朋友关系），女，1952年9月8日出生，汉族，南开区司法局退休干部，住天津市红桥区涟园里5-1-201号，公民身份号码12010419520908004X。" nameCN="诉讼参与人">
      <SSCYRMC value="刘桂萍" nameCN="诉讼参与人名称" />
      <SSSF value="委托代理人" nameCN="诉讼身份" />
      <DSRLX value="自然人" nameCN="当事人类型" />
      <XB value="女" nameCN="性别" />
      <MZ value="汉族" nameCN="民族" />
      <CSRQ value="1952年9月8日" nameCN="出生日期">
        <Year value="1952" nameCN="年" />
        <Month value="9" nameCN="月" />
        <Day value="8" nameCN="日" />
      </CSRQ>
      <GJ value="中国" nameCN="国籍" />
      <DSRDZ value="天津市红桥区涟园里5-1-201号" nameCN="当事人地址" />
      <DWZWFZ nameCN="单位职务分组">
        <ZW value="退休干部" nameCN="职务" />
      </DWZWFZ>
    </SSCYR>
    <SSCYR value="被告訾月莉，女，1978年10月24日出生，汉族，天津国美电器有限公司人事主管，住天津市南开区芥园西道芥园中里4-1-401，公民身份号码120105197810240644。" nameCN="诉讼参与人">
      <SSCYRMC value="訾月莉" nameCN="诉讼参与人名称" />
      <SSSF value="被告" nameCN="诉讼身份" />
      <SSDW value="被告" nameCN="诉讼地位" />
      <DSRLB value="被告" nameCN="当事人类别" />
      <DSRLX value="自然人" nameCN="当事人类型" />
      <XB value="女" nameCN="性别" />
      <MZ value="汉族" nameCN="民族" />
      <CSRQ value="1978年10月24日" nameCN="出生日期">
        <Year value="1978" nameCN="年" />
        <Month value="10" nameCN="月" />
        <Day value="24" nameCN="日" />
      </CSRQ>
      <GJ value="中国" nameCN="国籍" />
      <DSRDZ value="天津市南开区芥园西道芥园中里4-1-401" nameCN="当事人地址" />
      <DTQK value="到庭" nameCN="到庭情况" />
      <DWZWFZ nameCN="单位职务分组">
        <ZW value="主管" nameCN="职务" />
      </DWZWFZ>
      <DSRSFZH value="否" nameCN="当事人是否再婚" />
    </SSCYR>
    <SSCYR value="委托代理人王福，天津市河北区法律服务中心法律工作者。" nameCN="诉讼参与人">
      <SSCYRMC value="王福" nameCN="诉讼参与人名称" />
      <SSSF value="委托代理人" nameCN="诉讼身份" />
      <DSRLX value="自然人" nameCN="当事人类型" />
      <GJ value="中国" nameCN="国籍" />
      <DTQK value="到庭" nameCN="到庭情况" />
    </SSCYR>
    <SSCYRQJ value="错误" nameCN="保险公司是否作为被告" />
  </SSCYRQJ>
  <SSJL value="原告王健森与被告訾月莉离婚纠纷一案，本院受理后，依法由审判员樊振权独任审判，公开开庭进行了审理。原告王健森及其委托代理人刘桂萍，被告訾月莉及其委托代理人王福均到庭参加诉讼。本案现已审理终结。" nameCN="诉讼记录">
    <AY value="离婚纠纷" nameCN="案由" />
    <KTSL value="是" nameCN="开庭审理" />
    <KTSLXX value="公开审理" nameCN="开庭审理信息" />
    <WZAY value="离婚纠纷" nameCN="完整案由" />
    <AYDM value="9015" nameCN="案由代码" />
    <YSAJSYCX value="普通程序" nameCN="一审案件适用程序" />
    <JYZPT value="否" nameCN="简易转普通" />
    <YSAJLY value="新收" nameCN="一审案件来源" />
    <CTDSRXX nameCN="出庭当事人信息">
      <CTRXM value="王健森" nameCN="出庭人姓名">
        <SSDW value="原告" nameCN="诉讼地位" />
      </CTRXM>
      <CTRXM value="訾月莉" nameCN="出庭人姓名">
        <SSDW value="被告" nameCN="诉讼地位" />
      </CTRXM>
      <CTRXM value="王福" nameCN="出庭人姓名">
        <SSDW value="委托代理人" nameCN="诉讼地位" />
      </CTRXM>
      <CTRXM value="刘桂萍" nameCN="出庭人姓名">
        <SSDW value="委托代理人" nameCN="诉讼地位" />
      </CTRXM>
    </CTDSRXX>
  </SSJL>
  <AJJBQK value="原告王健森诉称，双方婚后感情较好，但近半年来被告与社会上不良人员接触频繁，沾染了赌博恶习并欠下较多赌债，原告对被告的行为多次予以规劝，被告承诺为了孩子及家庭的利益不再参与赌博；2012年2月15日原告之母以及原告的妹妹及他人在原、被告自己家中发现被告裸体与一男子在一起，后报警，但被告事后予以否认，鉴于上述事实，原、被告感情已经彻底破裂并无和好可能，故原告坚持要求与被告离婚。 被告訾月莉辩称，双方婚后14年感情很好，并没有与不良人员接触，所欠之债并不是赌债，而是被告为了家庭生活及孩子教育通过银行透支卡透支的三万元，而且原告知晓并替被告还了欠款。2012年2月15日并不是原告所想那样，该男子是被告的朋友的男朋友，拜年来看被告，因为该男子晚上还有事所以借用原、被告家的卫生间洗澡，后在屋里取暖，而被告当时也顺便洗澡，正在这时原告的母亲与原告的妹妹自行进屋，被告担心发生误会才赤身裸体的从浴室走出来，误会产生后，原告提出离婚，被告多次通过短信的方式请求被告的谅解，但得不到回应，被告对原告是非常有感情的，对自己的行为方式认可是错的，希望原告能够念及以往的夫妻感情及孩子的利益给被告一次机会，故被告不同意离婚。 原告为支持其诉讼，向本院提交证据1、结婚证复印件一份，证明原、被告系夫妻关系；证据2、照片三张，证明2012年2月15日当天被告与一男子在家中赤身裸体。 被告对原告提交的证据1、无异议；对于证据2、3真实性无意，但不能说明当时被告与男子发生了不正当的行为。 被告为支持其抗辩主张向本院提交证据1、浦发银行还款单；证据2、天津中医药大学第一附属医院检查报告单。 被告对原告提交的证据1、2真实性无异议，但是原告没有见过证据一，而且对于证据二，是原告找人在医院替被告检查，所以不是因为原告因为被告患病才提出离婚。 经审理查明，原、被告于1995年相识，于1998年3月16日登记结婚，2009年9月1日婚生一女王漫柠，现年12岁。 婚后双方感情很好，2012年2月15日原告的母亲及原告的妹妹以及他人在原、被告的家中发现被告浴后与一异性男子在一起，遂报警，此事发生后引起原告的较多怀疑及心理负担，此后双方分居生活，原告以夫妻感情彻底破裂为由起诉来院。庭审中，原告向法庭提供的照片显示被告的行为确实无法让人理解，但被告坚持其品行端正，清白无辜。原告对于被告赌博及被告是否与异性存在不正当行为未能提供更充分的证据证实，被告诚恳表示与原告感情很好，愿意消除误解，与原告重归于好，故不同意离婚。基此，本院调解未果。 以上事实有原、被告当庭陈述及相关证据予以证实。" nameCN="案件基本情况">
    <YGSCD value="原告王健森诉称，双方婚后感情较好，但近半年来被告与社会上不良人员接触频繁，沾染了赌博恶习并欠下较多赌债，原告对被告的行为多次予以规劝，被告承诺为了孩子及家庭的利益不再参与赌博；2012年2月15日原告之母以及原告的妹妹及他人在原、被告自己家中发现被告裸体与一男子在一起，后报警，但被告事后予以否认，鉴于上述事实，原、被告感情已经彻底破裂并无和好可能，故原告坚持要求与被告离婚。 " nameCN="原告诉称段" />
    <SGXQ value="未提及" nameCN="事故详情">
      <SGSJ value="未提及" nameCN="事故时间" />
      <SGDD value="未提及" nameCN="事故地点" />
    </SGXQ>
    <JDCSYR value="訾月莉" nameCN="机动车所有人" />
    <SHRJZD value="天津市南开区芥园西道怡园里9-2-102号" nameCN="受害人居住地" />
    <SHRZY value="干部" nameCN="受害人职业" />
    <BGBCD value="被告訾月莉辩称，双方婚后14年感情很好，并没有与不良人员接触，所欠之债并不是赌债，而是被告为了家庭生活及孩子教育通过银行透支卡透支的三万元，而且原告知晓并替被告还了欠款。2012年2月15日并不是原告所想那样，该男子是被告的朋友的男朋友，拜年来看被告，因为该男子晚上还有事所以借用原、被告家的卫生间洗澡，后在屋里取暖，而被告当时也顺便洗澡，正在这时原告的母亲与原告的妹妹自行进屋，被告担心发生误会才赤身裸体的从浴室走出来，误会产生后，原告提出离婚，被告多次通过短信的方式请求被告的谅解，但得不到回应，被告对原告是非常有感情的，对自己的行为方式认可是错的，希望原告能够念及以往的夫妻感情及孩子的利益给被告一次机会，故被告不同意离婚。 " nameCN="被告辩称段" />
    <ZJD value="原告为支持其诉讼，向本院提交证据1、结婚证复印件一份，证明原、被告系夫妻关系；证据2、照片三张，证明2012年2月15日当天被告与一男子在家中赤身裸体。被告对原告提交的证据1、无异议；对于证据2、3真实性无意，但不能说明当时被告与男子发生了不正当的行为。 被告为支持其抗辩主张向本院提交证据1、浦发银行还款单；证据2、天津中医药大学第一附属医院检查报告单。 被告对原告提交的证据1、2真实性无异议，但是原告没有见过证据一，而且对于证据二，是原告找人在医院替被告检查，所以不是因为原告因为被告患病才提出离婚。 " nameCN="证据段" />
    <ZJD value="婚后双方感情很好，2012年2月15日原告的母亲及原告的妹妹以及他人在原、被告的家中发现被告浴后与一异性男子在一起，遂报警，此事发生后引起原告的较多怀疑及心理负担，此后双方分居生活，原告以夫妻感情彻底破裂为由起诉来院。庭审中，原告向法庭提供的照片显示被告的行为确实无法让人理解，但被告坚持其品行端正，清白无辜。原告对于被告赌博及被告是否与异性存在不正当行为未能提供更充分的证据证实，被告诚恳表示与原告感情很好，愿意消除误解，与原告重归于好，故不同意离婚。基此，本院调解未果。 以上事实有原、被告当庭陈述及相关证据予以证实。 " nameCN="证据段" />
    <CMSSD value="经审理查明，原、被告于1995年相识，于1998年3月16日登记结婚，2009年9月1日婚生一女王漫柠，现年12岁。" nameCN="查明事实段" />
  </AJJBQK>
  <CPFXGC value="本院认为，原、被告系自由恋爱，自主结婚，婚姻基础深厚。在婚后的共同生活期间双方的感情较好，近半年来双方关系开始恶化，起因系被告赤身与一异性男子在原、被告家中，此节被原告家人发现，引起原告对被告人品的怀疑，应该指出被告在处理与异性朋友关系的问题上缺乏慎重和理智，其放任自己的行为必然导致原告对其产生怀疑和误解，所以导致原告起诉离婚的主要原因系被告所致，鉴于被告对其行为的处理方式有明确认知，同时愿意消除误解与原告重归于好，其真诚意思表示原告应予充分响应，为了维护婚姻家庭的稳定，构建和谐的夫妻关系，同时为子女今后的成长及教育考虑，原告坚持离婚欠妥，纵观本案事实，双方夫妻感情目前尚未完全破裂，故本院对于原告离婚的诉讼请求奈难支持。综上，本院依据《中华人民共和国婚姻法》第三十二条之规定判决如下：" nameCN="裁判分析过程">
    <JAFSLX value="判决" nameCN="结案方式类型" />
    <FLFTMC value="中华人民共和国婚姻法" nameCN="法律法条名称">
      <TM value="三十二" nameCN="条目" />
    </FLFTMC>
  </CPFXGC>
  <CPJG value="驳回原告王健森离婚之诉讼请求。 案件受理费200元，减半收取，由原告负担。 如不服本判决，可在判决书送达之日起15日内，向本院递交上诉状，并按对方当事人的人数提出副本，上诉于天津市第一中级人民法院。" nameCN="裁判结果">
    <JAFS value="判决" nameCN="结案方式" />
    <PCSFSXZQ value="正确" nameCN="同时起诉侵权人与保险公司的赔偿顺序" />
    <JTPJJG value="驳回原告王健森离婚之诉讼请求。" nameCN="具体裁判段" />
    <SSFCD nameCN="诉讼费承担">
      <SSFCDJL value="案件受理费200元，减半收取，由原告负担。" nameCN="诉讼费承担记录">
        <SSFJE value="200元" nameCN="诉讼费金额" />
        <SSFZL value="受理费" nameCN="诉讼费种类" />
      </SSFCDJL>
    </SSFCD>
    <SFFHCS value="否" nameCN="是否发回重审" />
    <KSSZ value="天津市第一中级人民法院" nameCN="可上诉至" />
    <SSTJCL value="上诉状，并按对方当事人的人数提出副本" nameCN="上诉提交材料" />
    <SSQX value="15日" nameCN="上诉期限" />
    <TCGXQYY value="否" nameCN="是否提出管辖权异议" />
  </CPJG>
  <WW value="审判员樊振权 二○一二年五月八日 书记员程倩" nameCN="文尾">
    <SPZZCY nameCN="审判组织成员">
      <SPRYXM value="程倩" nameCN="审判人员姓名" />
      <SPRYJS value="书记员" nameCN="审判人员角色" />
    </SPZZCY>
    <SPZZCY nameCN="审判组织成员">
      <SPRYXM value="樊振权" nameCN="审判人员姓名" />
      <SPRYJS value="审判员" nameCN="审判人员角色" />
    </SPZZCY>
    <CPSJ value="2012年5月8日" nameCN="裁判时间">
      <Year value="2012" nameCN="结案年度" />
      <JANYR value="2012年5月8日" nameCN="结案年月日" />
      <JANY value="2012-5" nameCN="结案年月" />
      <Month value="5" nameCN="月" />
      <Day value="8" nameCN="日" />
    </CPSJ>
  </WW>
</QW>

