<?xml version="1.0" encoding="UTF-8"?>
<QW value="天津市宝坻区人民法院&#xD;&#xA;民事判决书&#xD;&#xA;（2013）宝民初字第5931号&#xD;&#xA;原告尹丽娜，女，1983年10月17日出生汉族，农民，住天津市宝坻区林亭口镇前 村大街65号，身份证号码：120224198310175048。&#xD;&#xA;委托代理人孙志刚，天津宝信律师事务所律师。&#xD;&#xA;被告郭玉杰，男，1981年9月2日出生，汉族，居民，住天津市宝坻区海滨街道北关宿舍56号，身份证号码：12022419810902001X。&#xD;&#xA;原告尹丽娜与被告郭玉杰离婚纠纷一案，本院于2013年10月16日立案受理后，依法由代理审判员何玉江适用简易程序公开开庭进行了审理。原告及其委托代理人与被告均到庭参加诉讼，本案现已审理终结。&#xD;&#xA;原告诉称，原、被告均系再婚，2007年12月经人介绍相识确定恋爱关系，2008年6月19日登记结婚后共同生活，2009年3月23日生育一女郭俊含。因双方婚前了解不够，婚后始终没有建立起夫妻感情。被告对原告以及家庭极不负责任，经常找茬与原告争吵。原告曾向贵院起诉离婚，后被驳回了诉讼请求，但此后双方并未和好，故再次起诉离婚，要求：1、判准原、被告离婚；2、婚生女郭俊含随原告生活，被告每月给付抚养费500元至郭俊含成年止；3、原告在被告处的婚前个人财产归原告所有，个人财产为：津HE3908号悦达起亚赛拉图轿车1辆、三星40寸彩色电视机1台、被褥4套、大衣柜1个、沙发一套、茶几1个及个人衣物（庭审中，原告放弃了对被褥4套、大衣柜1个、沙发一套、茶几1个及个人衣物的诉讼请求。）；4、诉讼费用由被告承担。&#xD;&#xA;被告辩称，双方夫妻感情已经破裂，同意与原告离婚，但婚生女郭俊含一直随被告生活，故应继续随被告生活，并由原告每月支付抚养费1000元至孩子独立生活时止；原告所请求的车是婚前原、被告共同购买，其他财产都是被告父亲的；在2009年原、被告为女儿郭俊含在平安保险公司投保险一份，投保人是被告，前几个月原告退了保险金3万多元，此保险金应归孩子所有；原、被告借给原告父亲7万元，此债权应归原、被告所有。&#xD;&#xA;经审理查明，原、被告均系再婚。2007年12月经人介绍相识并确立恋爱关系，2008年6月19日登记结婚后开始共同生活，2009年3月23日生育一女郭俊含（现随被告生活）。原、被告婚初感情很好，共同生活期间因家庭生活琐事发生过矛盾，2012年8月双方分居至今。2013年1月，原告曾向本院提起离婚诉讼，本院以夫妻感情并未破裂为由驳回了原告的离婚请求，但此后双方并未和好，原告再次起诉要求离婚。经本院主持调解，双方均同意离婚。&#xD;&#xA;庭审中，双方当事人存在以下争议：&#xD;&#xA;一、关于原告所提及的个人财产津HE3908号悦达起亚赛拉图轿车1辆是婚前购买，车辆登记在原告名下，原告主张是原告的个人财产，被告主张是双方共同出资购买；另有三星40寸彩色电视机1台原告主张是原告个人财产，被告主张是被告父亲的。以上两项财产现在被告处。&#xD;&#xA;二、2010年5月10日，原告尹立娜在中国平安人寿保险股&#xD;&#xA;份有限公司订立保险合同1份，投保人为原告尹立娜，被保险人为双方之女郭俊含。2013年2、3月，原告尹立娜支取保险金32000元。被告主张此保险金应归孩子所有，原告主张此款已在生活中被原告及郭俊含消费。&#xD;&#xA;三、被告主张原、被告借给原告父亲7万元，原告予以否认。&#xD;&#xA;本院认为，原、被告婚后因生活琐事发生矛盾并分居生活，&#xD;&#xA;2013年1月原告曾起诉来院要求离婚，本院判决驳回原告离婚请求后，双方并未和好，经本院主持调解，双方均同意离婚，说明夫妻感情已经破裂，故应准予双方离婚。婚生女郭俊含现随被告生活，应继续随被告生活为宜，但原告应承担相应的抚育费用。双方争议的悦达起亚赛拉图轿车1辆系婚前购买，且登记在原告名下，虽然被告主张系双方共同出资购买，但不能提供证据予以证明，故本院对被告此主张不予采信，该车应归原告所有。双方争议的三星40寸彩色电视机1台，虽原告提供商店证明，但该证据的证明力较低，又无其它证据佐证，故本院不予认定，被告虽主张该项财产系其父所有，但未提供证据加以证实，故本院不予支持，故此应认定该项财产为夫妻共同财产，关于原告所支取的保险金32000元原告虽主张已在生活中消费，但该财产在投保时属于夫妻关系存续期间，其未提供证据证实属个人财产或其父的财产，故在未取得被告同意的前提下消费此款，侵害了被告的合法权益，该项财产应为夫妻共同财产，对于以上财产应按照顾子女和女方权益的原则进行分割。被告主张原告之父欠原、被告7万元，因没有充足证据予以证实，故本院对被告该主张不予采信。原告放弃对其他个人财产的诉讼请求，属对个人权利的放弃本院照准。&#xD;&#xA;综上所述，依据《中华人民共和国婚姻法》第三十二条第二款、第三十六条第二款、第三款、第三十七条第一款、第三十九条第一款、最高人民法院《关于人民法院审理离婚案件 处理子女抚养问题的若干具体意见》第3条第（2）项、最高人民法院《关于民事诉讼证据的若干规定》第二条之规定，判决如下：&#xD;&#xA;一、准予原告尹丽娜与被告郭玉杰离婚；&#xD;&#xA;二、婚生女郭俊含随被告生活，自本判决生效后之次月起&#xD;&#xA;至郭俊含独立生活时止，原告每月给付郭俊含抚养费350元；&#xD;&#xA;三、在被告处的原告个人财产津HE3908号悦达起亚赛拉图轿车1辆归原告所有，于判决生效后三日内执行；&#xD;&#xA;四、在被告处的双方共同财产三星40寸彩色电视机1台归原告所有，执行时间同上；&#xD;&#xA;五、原告返还被告保险金16000元，执行时间同上；&#xD;&#xA;六、驳回原、被告其它诉讼请求。&#xD;&#xA;案件受理费200元已减半收取100元（原告已预缴）由原、被告各负担50元，被告应承担部分于判决生效后三日内给付原告。&#xD;&#xA;如不服本判决，可在判决书送达之日起十五日内，向本院递交上诉状，并按对方当事人的人数提出副本，上诉于天津市第一中级人民法院。&#xD;&#xA;代理审判员    何玉江&#xD;&#xA;二○一三年十一月 日&#xD;&#xA;书  记  员    赵  静&#xD;&#xA;《中华人民共和国婚姻法》第三十二条第二款:人民法院审理离婚案件，应当进行调解；如感情确已破裂，调解无效，应准予离婚。&#xD;&#xA;第三十六条第二款、第三款：离婚后，父母对于子女仍有抚养和教育的权利和义务。&#xD;&#xA;离婚后，哺乳期内的子女，以随哺乳的母亲抚养为原则。哺乳期后的子女，如双方因抚养问题发生争执不能达成协议时，由人民法院根据子女的权益和双方的具体情况判决。&#xD;&#xA;第三十七条第一款：离婚后一方抚养的子女，另一方应负担必要的生活费和教育费的一部或全部，负担费用的多少和期限的长短，由双方协议；协议不成时，由人民法院判决。&#xD;&#xA;第三十九条第一款：离婚时，夫妻的共同财产由双方协议处理；协议不成时，由人民法院根据财产的具体情况，照顾子女和女方权益的原则判决。&#xD;&#xA;最高人民法院《关于人民法院审理离婚案件 处理子女抚养问题的若干具体意见》第3条第（2）项：对两周岁以上未成年的子女，父方和母方均要求随其生活，一方有下列情形之一的，可予优先考虑：&#xD;&#xA;（２）子女随其生活时间较长，改变生活环境对子女健康成长明显不利的；&#xD;&#xA;最高人民法院《关于民事诉讼证据的若干规定》第二条之规定第二条:&#xD;&#xA;当事人对自己提出的诉讼请求所依据的事实或者反驳对方诉讼请求所依据的事实有责任提供证据加以证明。&#xD;&#xA;没有证据或者证据不足以证明当事人的事实主张的，由负有举证责任的当事人承担不利后果。&#xD;&#xA;1&#xD;&#xA;4&#xD;&#xA;5&#xD;" nameCN="全文">
  <WS value="天津市宝坻区人民法院 民事判决书 （2013）宝民初字第5931号" nameCN="文首">
    <WSZZDW value="法院" nameCN="文书制作单位" />
    <JBFY value="天津市宝坻区人民法院" nameCN="经办法院">
      <FYJB value="基层" nameCN="法院级别" />
      <XZQH_P value="天津" nameCN="行政区划(省)" />
    </JBFY>
    <WSMC value="民事判决书" nameCN="文书名称" />
    <AH value="（2013）宝民初字第5931号" nameCN="案号" />
    <LAND value="2013" nameCN="立案年度" />
    <AJXZ value="民事案件" nameCN="案件性质" />
    <WSZL value="判决书" nameCN="文书种类" />
    <SPCX value="一审案件" nameCN="审判程序" />
    <AJLX value="民事一审案件" nameCN="案件类型" />
  </WS>
  <SSCYRQJ value="原告尹丽娜，女，1983年10月17日出生汉族，农民，住天津市宝坻区林亭口镇前村大街65号，身份证号码：120224198310175048。 委托代理人孙志刚，天津宝信律师事务所律师。 被告郭玉杰，男，1981年9月2日出生，汉族，居民，住天津市宝坻区海滨街道北关宿舍56号，身份证号码：12022419810902001X。" nameCN="诉讼参与人全集">
    <SSCYR value="原告尹丽娜，女，1983年10月17日出生汉族，农民，住天津市宝坻区林亭口镇前村大街65号，身份证号码：120224198310175048。" nameCN="诉讼参与人">
      <SSCYRMC value="尹丽娜" nameCN="诉讼参与人名称" />
      <SSSF value="原告" nameCN="诉讼身份" />
      <SSDW value="原告" nameCN="诉讼地位" />
      <DSRLB value="原告" nameCN="当事人类别" />
      <DSRLX value="自然人" nameCN="当事人类型" />
      <XB value="女" nameCN="性别" />
      <CSRQ value="1983年10月17日" nameCN="出生日期">
        <Year value="1983" nameCN="年" />
        <Month value="10" nameCN="月" />
        <Day value="17" nameCN="日" />
      </CSRQ>
      <GJ value="中国" nameCN="国籍" />
      <DSRDZ value="天津市宝坻区林亭口镇前村大街65号" nameCN="当事人地址" />
      <DWZWFZ nameCN="单位职务分组">
        <ZW value="农民" nameCN="职务" />
      </DWZWFZ>
      <DSRSFZH value="是" nameCN="当事人是否再婚" />
    </SSCYR>
    <SSCYR value="委托代理人孙志刚，天津宝信律师事务所律师。" nameCN="诉讼参与人">
      <SSCYRMC value="孙志刚" nameCN="诉讼参与人名称" />
      <SSSF value="委托代理人" nameCN="诉讼身份" />
      <DSRLX value="自然人" nameCN="当事人类型" />
      <GJ value="中国" nameCN="国籍" />
      <DWZWFZ nameCN="单位职务分组">
        <ZW value="律师" nameCN="职务" />
      </DWZWFZ>
    </SSCYR>
    <SSCYR value="被告郭玉杰，男，1981年9月2日出生，汉族，居民，住天津市宝坻区海滨街道北关宿舍56号，身份证号码：12022419810902001X。" nameCN="诉讼参与人">
      <SSCYRMC value="郭玉杰" nameCN="诉讼参与人名称" />
      <SSSF value="被告" nameCN="诉讼身份" />
      <SSDW value="被告" nameCN="诉讼地位" />
      <DSRLB value="被告" nameCN="当事人类别" />
      <DSRLX value="自然人" nameCN="当事人类型" />
      <XB value="男" nameCN="性别" />
      <MZ value="汉族" nameCN="民族" />
      <CSRQ value="1981年9月2日" nameCN="出生日期">
        <Year value="1981" nameCN="年" />
        <Month value="9" nameCN="月" />
        <Day value="2" nameCN="日" />
      </CSRQ>
      <GJ value="中国" nameCN="国籍" />
      <DSRDZ value="天津市宝坻区海滨街道北关宿舍56号" nameCN="当事人地址" />
      <DSRSFZH value="是" nameCN="当事人是否再婚" />
    </SSCYR>
    <SSCYRQJ value="错误" nameCN="保险公司是否作为被告" />
  </SSCYRQJ>
  <SSJL value="原告尹丽娜与被告郭玉杰离婚纠纷一案，本院于2013年10月16日立案受理后，依法由代理审判员何玉江适用简易程序公开开庭进行了审理。原告及其委托代理人与被告均到庭参加诉讼，本案现已审理终结。" nameCN="诉讼记录">
    <AY value="离婚纠纷" nameCN="案由" />
    <KTSL value="是" nameCN="开庭审理" />
    <KTSLXX value="公开审理" nameCN="开庭审理信息" />
    <WZAY value="离婚纠纷" nameCN="完整案由" />
    <AYDM value="9015" nameCN="案由代码" />
    <LARQ value="2013年10月16日" nameCN="立案日期" />
    <YSAJSYCX value="简易程序" nameCN="一审案件适用程序" />
    <JYZPT value="否" nameCN="简易转普通" />
    <YSAJLY value="新收" nameCN="一审案件来源" />
    <SLRQ value="2013年10月16日" nameCN="受理日期" />
  </SSJL>
  <AJJBQK value="原告诉称，原、被告均系再婚，2007年12月经人介绍相识确定恋爱关系，2008年6月19日登记结婚后共同生活，2009年3月23日生育一女郭俊含。因双方婚前了解不够，婚后始终没有建立起夫妻感情。被告对原告以及家庭极不负责任，经常找茬与原告争吵。原告曾向贵院起诉离婚，后被驳回了诉讼请求，但此后双方并未和好，故再次起诉离婚，要求：1、判准原、被告离婚；2、婚生女郭俊含随原告生活，被告每月给付抚养费500元至郭俊含成年止；3、原告在被告处的婚前个人财产归原告所有，个人财产为：津HE3908号悦达起亚赛拉图轿车1辆、三星40寸彩色电视机1台、被褥4套、大衣柜1个、沙发一套、茶几1个及个人衣物（庭审中，原告放弃了对被褥4套、大衣柜1个、沙发一套、茶几1个及个人衣物的诉讼请求。）；4、诉讼费用由被告承担。 被告辩称，双方夫妻感情已经破裂，同意与原告离婚，但婚生女郭俊含一直随被告生活，故应继续随被告生活，并由原告每月支付抚养费1000元至孩子独立生活时止；原告所请求的车是婚前原、被告共同购买，其他财产都是被告父亲的；在2009年原、被告为女儿郭俊含在平安保险公司投保险一份，投保人是被告，前几个月原告退了保险金3万多元，此保险金应归孩子所有；原、被告借给原告父亲7万元，此债权应归原、被告所有。 经审理查明，原、被告均系再婚。2007年12月经人介绍相识并确立恋爱关系，2008年6月19日登记结婚后开始共同生活，2009年3月23日生育一女郭俊含（现随被告生活）。原、被告婚初感情很好，共同生活期间因家庭生活琐事发生过矛盾，2012年8月双方分居至今。2013年1月，原告曾向本院提起离婚诉讼，本院以夫妻感情并未破裂为由驳回了原告的离婚请求，但此后双方并未和好，原告再次起诉要求离婚。经本院主持调解，双方均同意离婚。 庭审中，双方当事人存在以下争议： 一、关于原告所提及的个人财产津HE3908号悦达起亚赛拉图轿车1辆是婚前购买，车辆登记在原告名下，原告主张是原告的个人财产，被告主张是双方共同出资购买；另有三星40寸彩色电视机1台原告主张是原告个人财产，被告主张是被告父亲的。以上两项财产现在被告处。 二、2010年5月10日，原告尹立娜在中国平安人寿保险股 份有限公司订立保险合同1份，投保人为原告尹立娜，被保险人为双方之女郭俊含。2013年2、3月，原告尹立娜支取保险金32000元。被告主张此保险金应归孩子所有，原告主张此款已在生活中被原告及郭俊含消费。 三、被告主张原、被告借给原告父亲7万元，原告予以否认。 本院认为，原、被告婚后因生活琐事发生矛盾并分居生活，" nameCN="案件基本情况">
    <YGSCD value="原告诉称，原、被告均系再婚，2007年12月经人介绍相识确定恋爱关系，2008年6月19日登记结婚后共同生活，2009年3月23日生育一女郭俊含。因双方婚前了解不够，婚后始终没有建立起夫妻感情。被告对原告以及家庭极不负责任，经常找茬与原告争吵。原告曾向贵院起诉离婚，后被驳回了诉讼请求，但此后双方并未和好，故再次起诉离婚，要求：1、判准原、被告离婚；2、婚生女郭俊含随原告生活，被告每月给付抚养费500元至郭俊含成年止；3、原告在被告处的婚前个人财产归原告所有，个人财产为：津HE3908号悦达起亚赛拉图轿车1辆、三星40寸彩色电视机1台、被褥4套、大衣柜1个、沙发一套、茶几1个及个人衣物（庭审中，原告放弃了对被褥4套、大衣柜1个、沙发一套、茶几1个及个人衣物的诉讼请求。）；4、诉讼费用由被告承担。 " nameCN="原告诉称段">
      <SSJE nameCN="交通事故原告诉称诉讼金额">
        <SSJESL value="500元" nameCN="金额">
          <SSJELX value="抚养费" nameCN="类型" />
        </SSJESL>
      </SSJE>
    </YGSCD>
    <SGXQ value="未提及" nameCN="事故详情">
      <SGSJ value="未提及" nameCN="事故时间" />
      <SGDD value="未提及" nameCN="事故地点" />
    </SGXQ>
    <JDCSYR value="郭玉杰" nameCN="机动车所有人" />
    <SHRJZD value="天津市宝坻区林亭口镇前村大街65号" nameCN="受害人居住地" />
    <SHRZY value="农民" nameCN="受害人职业" />
    <BGBCD value="被告辩称，双方夫妻感情已经破裂，同意与原告离婚，但婚生女郭俊含一直随被告生活，故应继续随被告生活，并由原告每月支付抚养费1000元至孩子独立生活时止；原告所请求的车是婚前原、被告共同购买，其他财产都是被告父亲的；在2009年原、被告为女儿郭俊含在平安保险公司投保险一份，投保人是被告，前几个月原告退了保险金3万多元，此保险金应归孩子所有；原、被告借给原告父亲7万元，此债权应归原、被告所有。 " nameCN="被告辩称段" />
    <CMSSD value="经审理查明，原、被告均系再婚。2007年12月经人介绍相识并确立恋爱关系，2008年6月19日登记结婚后开始共同生活，2009年3月23日生育一女郭俊含（现随被告生活）。原、被告婚初感情很好，共同生活期间因家庭生活琐事发生过矛盾，2012年8月双方分居至今。2013年1月，原告曾向本院提起离婚诉讼，本院以夫妻感情并未破裂为由驳回了原告的离婚请求，但此后双方并未和好，原告再次起诉要求离婚。经本院主持调解，双方均同意离婚。庭审中，双方当事人存在以下争议： 一、关于原告所提及的个人财产津HE3908号悦达起亚赛拉图轿车1辆是婚前购买，车辆登记在原告名下，原告主张是原告的个人财产，被告主张是双方共同出资购买；另有三星40寸彩色电视机1台原告主张是原告个人财产，被告主张是被告父亲的。以上两项财产现在被告处。 二、2010年5月10日，原告尹立娜在中国平安人寿保险股 份有限公司订立保险合同1份，投保人为原告尹立娜，被保险人为双方之女郭俊含。2013年2、3月，原告尹立娜支取保险金32000元。被告主张此保险金应归孩子所有，原告主张此款已在生活中被原告及郭俊含消费。 三、被告主张原、被告借给原告父亲7万元，原告予以否认。 本院认为，原、被告婚后因生活琐事发生矛盾并分居生活， " nameCN="查明事实段" />
  </AJJBQK>
  <CPFXGC value="2013年1月原告曾起诉来院要求离婚，本院判决驳回原告离婚请求后，双方并未和好，经本院主持调解，双方均同意离婚，说明夫妻感情已经破裂，故应准予双方离婚。婚生女郭俊含现随被告生活，应继续随被告生活为宜，但原告应承担相应的抚育费用。双方争议的悦达起亚赛拉图轿车1辆系婚前购买，且登记在原告名下，虽然被告主张系双方共同出资购买，但不能提供证据予以证明，故本院对被告此主张不予采信，该车应归原告所有。双方争议的三星40寸彩色电视机1台，虽原告提供商店证明，但该证据的证明力较低，又无其它证据佐证，故本院不予认定，被告虽主张该项财产系其父所有，但未提供证据加以证实，故本院不予支持，故此应认定该项财产为夫妻共同财产，关于原告所支取的保险金32000元原告虽主张已在生活中消费，但该财产在投保时属于夫妻关系存续期间，其未提供证据证实属个人财产或其父的财产，故在未取得被告同意的前提下消费此款，侵害了被告的合法权益，该项财产应为夫妻共同财产，对于以上财产应按照顾子女和女方权益的原则进行分割。被告主张原告之父欠原、被告7万元，因没有充足证据予以证实，故本院对被告该主张不予采信。原告放弃对其他个人财产的诉讼请求，属对个人权利的放弃本院照准。 综上所述，依据《中华人民共和国婚姻法》第三十二条第二款、第三十六条第二款、第三款、第三十七条第一款、第三十九条第一款、最高人民法院《关于人民法院审理离婚案件处理子女抚养问题的若干具体意见》第3条第（2）项、最高人民法院《关于民事诉讼证据的若干规定》第二条之规定，判决如下：" nameCN="裁判分析过程">
    <JAFSLX value="判决" nameCN="结案方式类型" />
    <FLFTMC value="中华人民共和国婚姻法" nameCN="法律法条名称">
      <TM value="三十六" nameCN="条目">
        <KM value="第二款、第三款" nameCN="款目" />
      </TM>
      <TM value="三十七" nameCN="条目">
        <KM value="第一款" nameCN="款目" />
      </TM>
      <TM value="三十二" nameCN="条目">
        <KM value="第二款" nameCN="款目" />
      </TM>
      <TM value="三十九" nameCN="条目">
        <KM value="第一款" nameCN="款目" />
      </TM>
    </FLFTMC>
    <FLFTMC value="关于人民法院审理离婚案件处理子女抚养问题的若干具体意见" nameCN="法律法条名称">
      <TM value="3" nameCN="条目">
        <KM value="第（2）项" nameCN="款目" />
      </TM>
    </FLFTMC>
    <FLFTMC value="关于民事诉讼证据的若干规定" nameCN="法律法条名称">
      <TM value="二" nameCN="条目" />
    </FLFTMC>
  </CPFXGC>
  <CPJG value="一、准予原告尹丽娜与被告郭玉杰离婚； 二、婚生女郭俊含随被告生活，自本判决生效后之次月起 至郭俊含独立生活时止，原告每月给付郭俊含抚养费350元； 三、在被告处的原告个人财产津HE3908号悦达起亚赛拉图轿车1辆归原告所有，于判决生效后三日内执行； 四、在被告处的双方共同财产三星40寸彩色电视机1台归原告所有，执行时间同上； 五、原告返还被告保险金16000元，执行时间同上； 六、驳回原、被告其它诉讼请求。 案件受理费200元已减半收取100元（原告已预缴）由原、被告各负担50元，被告应承担部分于判决生效后三日内给付原告。 如不服本判决，可在判决书送达之日起十五日内，向本院递交上诉状，并按对方当事人的人数提出副本，上诉于天津市第一中级人民法院。" nameCN="裁判结果">
    <JAFS value="判决" nameCN="结案方式" />
    <PCSFSXZQ value="正确" nameCN="同时起诉侵权人与保险公司的赔偿顺序" />
    <JTPJJG value="一、准予原告尹丽娜与被告郭玉杰离婚；" nameCN="具体裁判段" />
    <JTPJJG value="二、婚生女郭俊含随被告生活，自本判决生效后之次月起" nameCN="具体裁判段" />
    <JTPJJG value="至郭俊含独立生活时止，原告每月给付郭俊含抚养费350元；" nameCN="具体裁判段">
      <PJJE nameCN="判决金额">
        <JE value="350元" nameCN="金额" />
        <JELX value="抚养费" nameCN="金额类型" />
      </PJJE>
    </JTPJJG>
    <JTPJJG value="三、在被告处的原告个人财产津HE3908号悦达起亚赛拉图轿车1辆归原告所有，于判决生效后三日内执行；" nameCN="具体裁判段">
      <PJZXQX value="三日" nameCN="判决执行期限" />
    </JTPJJG>
    <JTPJJG value="四、在被告处的双方共同财产三星40寸彩色电视机1台归原告所有，执行时间同上；" nameCN="具体裁判段" />
    <JTPJJG value="五、原告返还被告保险金16000元，执行时间同上；" nameCN="具体裁判段">
      <PJJE nameCN="判决金额">
        <JE value="16000元" nameCN="金额" />
        <JELX value="保险金" nameCN="金额类型" />
      </PJJE>
    </JTPJJG>
    <JTPJJG value="六、驳回原、被告其它诉讼请求。" nameCN="具体裁判段" />
    <SSFCD nameCN="诉讼费承担">
      <SSFCDJL value="案件受理费200元已减半收取100元（原告已预缴）由原、被告各负担50元，被告应承担部分于判决生效后三日内给付原告。" nameCN="诉讼费承担记录">
        <SSFJE value="100元" nameCN="诉讼费金额" />
        <SSFZL value="受理费" nameCN="诉讼费种类" />
      </SSFCDJL>
    </SSFCD>
    <SFFHCS value="否" nameCN="是否发回重审" />
    <KSSZ value="天津市第一中级人民法院" nameCN="可上诉至" />
    <SSTJCL value="上诉状，并按对方当事人的人数提出副本" nameCN="上诉提交材料" />
    <SSQX value="十五日" nameCN="上诉期限" />
    <TCGXQYY value="否" nameCN="是否提出管辖权异议" />
  </CPJG>
  <WW value="代理审判员何玉江 二○一三年十一月日 书记员赵静 《中华人民共和国婚姻法》第三十二条第二款:人民法院审理离婚案件，应当进行调解；如感情确已破裂，调解无效，应准予离婚。 第三十六条第二款、第三款：离婚后，父母对于子女仍有抚养和教育的权利和义务。 离婚后，哺乳期内的子女，以随哺乳的母亲抚养为原则。哺乳期后的子女，如双方因抚养问题发生争执不能达成协议时，由人民法院根据子女的权益和双方的具体情况判决。 第三十七条第一款：离婚后一方抚养的子女，另一方应负担必要的生活费和教育费的一部或全部，负担费用的多少和期限的长短，由双方协议；协议不成时，由人民法院判决。 第三十九条第一款：离婚时，夫妻的共同财产由双方协议处理；协议不成时，由人民法院根据财产的具体情况，照顾子女和女方权益的原则判决。 最高人民法院《关于人民法院审理离婚案件处理子女抚养问题的若干具体意见》第3条第（2）项：对两周岁以上未成年的子女，父方和母方均要求随其生活，一方有下列情形之一的，可予优先考虑： （２）子女随其生活时间较长，改变生活环境对子女健康成长明显不利的； 最高人民法院《关于民事诉讼证据的若干规定》第二条之规定第二条: 当事人对自己提出的诉讼请求所依据的事实或者反驳对方诉讼请求所依据的事实有责任提供证据加以证明。 没有证据或者证据不足以证明当事人的事实主张的，由负有举证责任的当事人承担不利后果。 1 4 5 " nameCN="文尾">
    <SPZZCY nameCN="审判组织成员">
      <SPRYXM value="赵静" nameCN="审判人员姓名" />
      <SPRYJS value="书记员" nameCN="审判人员角色" />
    </SPZZCY>
    <SPZZCY nameCN="审判组织成员">
      <SPRYXM value="何玉江" nameCN="审判人员姓名" />
      <SPRYJS value="代理审判员" nameCN="审判人员角色" />
    </SPZZCY>
    <CPSJ value="2013年11月null日" nameCN="裁判时间">
      <Year value="2013" nameCN="结案年度" />
      <JANYR value="2013年11月null日" nameCN="结案年月日" />
      <JANY value="2013-11" nameCN="结案年月" />
      <Month value="11" nameCN="月" />
      <Day value="null" nameCN="日" />
    </CPSJ>
  </WW>
</QW>

