<?xml version="1.0" encoding="UTF-8"?>
<QW value="天津市蓟县人民法院&#xD;&#xA;民事判决书&#xD;&#xA;（2016）津0225民初12330号&#xD;&#xA;原告：杨会平（120225198302175220），女，1983年2月17日出生，汉族，农民，住天津市蓟县下仓镇大杨各庄村（娘家）。&#xD;&#xA;被告：仇志明（120225198403156053），男，1984年3月15日出生，汉族，农民，住天津市蓟县下仓镇安各庄村。&#xD;&#xA;原告杨会平诉被告仇志明离婚纠纷一案，本院于2016年11月21日立案后，依法适用简易程序公开开庭进行了审理。原告杨会平、被告仇志明到庭参加了诉讼。本案现已审理终结。&#xD;&#xA;杨会平向本院提出诉讼请求：1、判令原、被告离婚；2、婚生女仇钰烁由原告自行抚养，婚生子仇钰焜由被告自行抚养；3、婚前个人财产归各自所有；4、共同财产依法分割；5、诉讼费用由被告负担。事实与理由：原、被告经人介绍，于2006年3月17日登记结婚。2008年10月15日生育长女仇钰烁，2010年11月8日生育长子仇钰焜。双方婚前了解较少，婚后经常吵架生气。现夫妻感情已彻底破裂。&#xD;&#xA;仇志明辩称，同意与原告离婚，但要求仇钰烁由被告自行抚养，仇钰焜由原告自行抚养；同意夫妻共同财产依法分割，但要求共同债务共同承担。&#xD;&#xA;经审理查明，原、被告经人介绍，于2006年3月17日登记结婚。2008年10月15日生育长女仇钰烁，2010年11月8日生育长子仇钰焜。在共同生活中，双方因家庭琐事吵架生气。2016年11月份，原告与被告父母生气后，回娘家居住至今。后原告将其在被告处的个人婚前财产拉走。&#xD;&#xA;另查，原、被告婚后夫妻共同财产有居住宅院的前东院墙、南院墙、西厢房和前院地坪，以上财产价值30000元。&#xD;&#xA;上述事实，有当事人提交的证据及陈述意见在案佐证。&#xD;&#xA;本院认为，原告要求与被告离婚，被告同意离婚，本院予以准许。关于子女抚养问题，双方均要求女儿仇钰烁由自己自行抚养，儿子仇钰焜由对方自行抚养。本院根据风俗习惯及双方的抚养能力，确定仇钰烁由原告自行抚养，仇钰焜由被告自行抚养。关于夫妻共同财产、共同债务问题，双方均同意共同财产共同分割、共同债务共同偿还，本院予以确认。但对共同债务的具体数额，双方各持已见。因共同债务的问题涉及债权人的权益，故应另行解决。案经调解未果。依据《中华人民共和国婚姻法》第三十二条、第三十九条、第四十一条的规定，判决如下： &#xD;&#xA;一、原告杨会平与被告仇志明离婚。&#xD;&#xA;二、原、被告婚生女儿仇钰烁（2008年10月15日出生）由原告自行抚养，儿子仇钰焜（2010年11月8日出生）由被告自行抚养。&#xD;&#xA;三、原、被告夫妻共同财产居住宅院的前东院墙、南院墙、西厢房、前院地坪（价值30000元）归被告所有，由被告给付原告夫妻共同财产折价款15000元，于本判决生效后十日付清。&#xD;&#xA;四、原、被告夫妻共同债务共同偿还。&#xD;&#xA;如果被告仇志明未按本判决指定期限履行给付金钱义务，应当依照《中华人民共和国民事诉讼法》第二百五十三条的规定，加倍支付迟延履行期间的债务利息。&#xD;&#xA;案件受理费100元（原告已预交），由原告负担。&#xD;&#xA;如不服本判决，可在判决书送达之日起十五日内，向本院递交上诉状，并按对方当事人的人数提出副本，上诉于天津市第一中级人民法院。&#xD;&#xA;审  判  员    井 连 江&#xD;&#xA;二○一六年十二月十五日&#xD;&#xA;书  记  员    咸 西 康&#xD;&#xA;附：本裁判文书依据法律规定的具体条文：&#xD;&#xA;1、《中华人民共和国婚姻法》第三十二条：　&#xD;&#xA;男女一方要求离婚的，可由有关部门进行调解或直接向人民法院提出离婚诉讼。&#xD;&#xA;人民法院审理离婚案件，应当进行调解；如感情确已破裂，调解无效，应准予离婚。&#xD;&#xA;有下列情形之一，调解无效的，应准予离婚：&#xD;&#xA;（一）重婚或有配偶者与他人同居的；&#xD;&#xA;（二）实施家庭暴力或虐待、遗弃家庭成员的；&#xD;&#xA;（三）有赌博、吸毒等恶习屡教不改的；&#xD;&#xA;（四）因感情不和分居满二年的；&#xD;&#xA;（五）其他导致夫妻感情破裂的情形。&#xD;&#xA;一方被宣告失踪，另一方提出离婚诉讼的，应准予离婚。&#xD;&#xA;2、《中华人民共和国婚姻法》第三十九条：　&#xD;&#xA;离婚时，夫妻的共同财产由双方协议处理；协议不成时，由人民法院根据财产的具体情况，照顾子女和女方权益的原则判决。&#xD;&#xA;3、《中华人民共和国婚姻法》第四十一条：　&#xD;&#xA;离婚时，原为夫妻共同生活所负的债务，应当共同偿还。共同财产不足清偿的，或财产归各自所有的，由双方协议清偿；协议不成时，由人民法院判决。&#xD;&#xA;第 1 页 共 4 页&#xD;" nameCN="全文">
  <WS value="天津市蓟县人民法院 民事判决书 （2016）津0225民初12330号" nameCN="文首">
    <WSZZDW value="法院" nameCN="文书制作单位" />
    <JBFY value="天津市蓟县人民法院" nameCN="经办法院">
      <FYJB value="基层" nameCN="法院级别" />
      <XZQH_P value="天津" nameCN="行政区划(省)" />
    </JBFY>
    <WSMC value="民事判决书" nameCN="文书名称" />
    <AH value="（2016）津0225民初12330号" nameCN="案号" />
    <LAND value="2016" nameCN="立案年度" />
    <AJXZ value="民事案件" nameCN="案件性质" />
    <WSZL value="判决书" nameCN="文书种类" />
    <SPCX value="一审案件" nameCN="审判程序" />
    <AJLX value="民事一审案件" nameCN="案件类型" />
  </WS>
  <SSCYRQJ value="原告：杨会平（120225198302175220），女，1983年2月17日出生，汉族，农民，住天津市蓟县下仓镇大杨各庄村（娘家）。 被告：仇志明（120225198403156053），男，1984年3月15日出生，汉族，农民，住天津市蓟县下仓镇安各庄村。" nameCN="诉讼参与人全集">
    <SSCYR value="原告：杨会平（120225198302175220），女，1983年2月17日出生，汉族，农民，住天津市蓟县下仓镇大杨各庄村（娘家）。" nameCN="诉讼参与人">
      <SSCYRMC value="杨会平" nameCN="诉讼参与人名称" />
      <SSSF value="原告" nameCN="诉讼身份" />
      <SSDW value="原告" nameCN="诉讼地位" />
      <DSRLB value="原告" nameCN="当事人类别" />
      <DSRLX value="自然人" nameCN="当事人类型" />
      <XB value="女" nameCN="性别" />
      <MZ value="汉族" nameCN="民族" />
      <CSRQ value="1983年2月17日" nameCN="出生日期">
        <Year value="1983" nameCN="年" />
        <Month value="2" nameCN="月" />
        <Day value="17" nameCN="日" />
      </CSRQ>
      <GJ value="中国" nameCN="国籍" />
      <DSRDZ value="天津市蓟县下仓镇大杨各庄村（娘家）" nameCN="当事人地址" />
      <DTQK value="到庭" nameCN="到庭情况" />
      <DWZWFZ nameCN="单位职务分组">
        <ZW value="农民" nameCN="职务" />
      </DWZWFZ>
      <DSRSFZH value="否" nameCN="当事人是否再婚" />
    </SSCYR>
    <SSCYR value="被告：仇志明（120225198403156053），男，1984年3月15日出生，汉族，农民，住天津市蓟县下仓镇安各庄村。" nameCN="诉讼参与人">
      <SSCYRMC value="仇志明" nameCN="诉讼参与人名称" />
      <SSSF value="被告" nameCN="诉讼身份" />
      <SSDW value="被告" nameCN="诉讼地位" />
      <DSRLB value="被告" nameCN="当事人类别" />
      <DSRLX value="自然人" nameCN="当事人类型" />
      <XB value="男" nameCN="性别" />
      <MZ value="汉族" nameCN="民族" />
      <CSRQ value="1984年3月15日" nameCN="出生日期">
        <Year value="1984" nameCN="年" />
        <Month value="3" nameCN="月" />
        <Day value="15" nameCN="日" />
      </CSRQ>
      <GJ value="中国" nameCN="国籍" />
      <DSRDZ value="天津市蓟县下仓镇安各庄村" nameCN="当事人地址" />
      <DTQK value="到庭" nameCN="到庭情况" />
      <DWZWFZ nameCN="单位职务分组">
        <ZW value="农民" nameCN="职务" />
      </DWZWFZ>
      <DSRSFZH value="否" nameCN="当事人是否再婚" />
    </SSCYR>
    <SSCYRQJ value="错误" nameCN="保险公司是否作为被告" />
  </SSCYRQJ>
  <SSJL value="原告杨会平诉被告仇志明离婚纠纷一案，本院于2016年11月21日立案后，依法适用简易程序公开开庭进行了审理。原告杨会平、被告仇志明到庭参加了诉讼。本案现已审理终结。" nameCN="诉讼记录">
    <AY value="离婚纠纷" nameCN="案由" />
    <KTSL value="是" nameCN="开庭审理" />
    <KTSLXX value="公开审理" nameCN="开庭审理信息" />
    <WZAY value="离婚纠纷" nameCN="完整案由" />
    <AYDM value="9015" nameCN="案由代码" />
    <LARQ value="2016年11月21日" nameCN="立案日期" />
    <YSAJSYCX value="简易程序" nameCN="一审案件适用程序" />
    <JYZPT value="否" nameCN="简易转普通" />
    <SPZZ value="独任庭" nameCN="审判组织" />
    <YSAJLY value="新收" nameCN="一审案件来源" />
    <CTDSRXX nameCN="出庭当事人信息">
      <CTRXM value="杨会平" nameCN="出庭人姓名">
        <SSDW value="原告" nameCN="诉讼地位" />
      </CTRXM>
      <CTRXM value="仇志明" nameCN="出庭人姓名">
        <SSDW value="被告" nameCN="诉讼地位" />
      </CTRXM>
    </CTDSRXX>
  </SSJL>
  <AJJBQK value="杨会平向本院提出诉讼请求：1、判令原、被告离婚；2、婚生女仇钰烁由原告自行抚养，婚生子仇钰焜由被告自行抚养；3、婚前个人财产归各自所有；4、共同财产依法分割；5、诉讼费用由被告负担。事实与理由：原、被告经人介绍，于2006年3月17日登记结婚。2008年10月15日生育长女仇钰烁，2010年11月8日生育长子仇钰焜。双方婚前了解较少，婚后经常吵架生气。现夫妻感情已彻底破裂。 仇志明辩称，同意与原告离婚，但要求仇钰烁由被告自行抚养，仇钰焜由原告自行抚养；同意夫妻共同财产依法分割，但要求共同债务共同承担。 经审理查明，原、被告经人介绍，于2006年3月17日登记结婚。2008年10月15日生育长女仇钰烁，2010年11月8日生育长子仇钰焜。在共同生活中，双方因家庭琐事吵架生气。2016年11月份，原告与被告父母生气后，回娘家居住至今。后原告将其在被告处的个人婚前财产拉走。 另查，原、被告婚后夫妻共同财产有居住宅院的前东院墙、南院墙、西厢房和前院地坪，以上财产价值30000元。 上述事实，有当事人提交的证据及陈述意见在案佐证。" nameCN="案件基本情况">
    <YGSCD value="杨会平向本院提出诉讼请求：1、判令原、被告离婚；2、婚生女仇钰烁由原告自行抚养，婚生子仇钰焜由被告自行抚养；3、婚前个人财产归各自所有；4、共同财产依法分割；5、诉讼费用由被告负担。事实与理由：原、被告经人介绍，于2006年3月17日登记结婚。2008年10月15日生育长女仇钰烁，2010年11月8日生育长子仇钰焜。双方婚前了解较少，婚后经常吵架生气。现夫妻感情已彻底破裂。 " nameCN="原告诉称段" />
    <SGXQ value="未提及" nameCN="事故详情">
      <SGSJ value="未提及" nameCN="事故时间" />
      <SGDD value="未提及" nameCN="事故地点" />
    </SGXQ>
    <JDCSYR value="仇志明" nameCN="机动车所有人" />
    <SHRJZD value="天津市蓟县下仓镇大杨各庄村（娘家）" nameCN="受害人居住地" />
    <SHRZY value="农民" nameCN="受害人职业" />
    <BGBCD value="仇志明辩称，同意与原告离婚，但要求仇钰烁由被告自行抚养，仇钰焜由原告自行抚养；同意夫妻共同财产依法分割，但要求共同债务共同承担。 " nameCN="被告辩称段" />
    <ZJD value="上述事实，有当事人提交的证据及陈述意见在案佐证。" nameCN="证据段" />
    <CMSSD value="经审理查明，原、被告经人介绍，于2006年3月17日登记结婚。2008年10月15日生育长女仇钰烁，2010年11月8日生育长子仇钰焜。在共同生活中，双方因家庭琐事吵架生气。2016年11月份，原告与被告父母生气后，回娘家居住至今。后原告将其在被告处的个人婚前财产拉走。另查，原、被告婚后夫妻共同财产有居住宅院的前东院墙、南院墙、西厢房和前院地坪，以上财产价值30000元。 " nameCN="查明事实段" />
  </AJJBQK>
  <CPFXGC value="本院认为，原告要求与被告离婚，被告同意离婚，本院予以准许。关于子女抚养问题，双方均要求女儿仇钰烁由自己自行抚养，儿子仇钰焜由对方自行抚养。本院根据风俗习惯及双方的抚养能力，确定仇钰烁由原告自行抚养，仇钰焜由被告自行抚养。关于夫妻共同财产、共同债务问题，双方均同意共同财产共同分割、共同债务共同偿还，本院予以确认。但对共同债务的具体数额，双方各持已见。因共同债务的问题涉及债权人的权益，故应另行解决。案经调解未果。依据《中华人民共和国婚姻法》第三十二条、第三十九条、第四十一条的规定，判决如下：" nameCN="裁判分析过程">
    <JAFSLX value="判决" nameCN="结案方式类型" />
    <FLFTMC value="中华人民共和国婚姻法" nameCN="法律法条名称">
      <TM value="四十一" nameCN="条目" />
      <TM value="三十二" nameCN="条目" />
      <TM value="三十九" nameCN="条目" />
    </FLFTMC>
  </CPFXGC>
  <CPJG value="一、原告杨会平与被告仇志明离婚。 二、原、被告婚生女儿仇钰烁（2008年10月15日出生）由原告自行抚养，儿子仇钰焜（2010年11月8日出生）由被告自行抚养。 三、原、被告夫妻共同财产居住宅院的前东院墙、南院墙、西厢房、前院地坪（价值30000元）归被告所有，由被告给付原告夫妻共同财产折价款15000元，于本判决生效后十日付清。 四、原、被告夫妻共同债务共同偿还。 如果被告仇志明未按本判决指定期限履行给付金钱义务，应当依照《中华人民共和国民事诉讼法》第二百五十三条的规定，加倍支付迟延履行期间的债务利息。 案件受理费100元（原告已预交），由原告负担。 如不服本判决，可在判决书送达之日起十五日内，向本院递交上诉状，并按对方当事人的人数提出副本，上诉于天津市第一中级人民法院。" nameCN="裁判结果">
    <JAFS value="判决" nameCN="结案方式" />
    <PCSFSXZQ value="正确" nameCN="同时起诉侵权人与保险公司的赔偿顺序" />
    <JTPJJG value="一、原告杨会平与被告仇志明离婚。" nameCN="具体裁判段" />
    <JTPJJG value="二、原、被告婚生女儿仇钰烁（2008年10月15日出生）由原告自行抚养，儿子仇钰焜（2010年11月8日出生）由被告自行抚养。" nameCN="具体裁判段" />
    <JTPJJG value="三、原、被告夫妻共同财产居住宅院的前东院墙、南院墙、西厢房、前院地坪（价值30000元）归被告所有，由被告给付原告夫妻共同财产折价款15000元，于本判决生效后十日付清。" nameCN="具体裁判段">
      <PJJE nameCN="判决金额">
        <JE value="30000元" nameCN="金额" />
      </PJJE>
      <PJJE nameCN="判决金额">
        <JE value="15000元" nameCN="金额" />
        <JELX value="价款" nameCN="金额类型" />
        <JELX value="折价款" nameCN="金额类型" />
      </PJJE>
    </JTPJJG>
    <JTPJJG value="四、原、被告夫妻共同债务共同偿还。" nameCN="具体裁判段" />
    <JTPJJG value="如果被告仇志明未按本判决指定期限履行给付金钱义务，应当依照《中华人民共和国民事诉讼法》第二百五十三条的规定，加倍支付迟延履行期间的债务利息。" nameCN="具体裁判段" />
    <SSFCD nameCN="诉讼费承担">
      <SSFCDJL value="案件受理费100元（原告已预交），由原告负担。" nameCN="诉讼费承担记录">
        <SSFJE value="100元" nameCN="诉讼费金额" />
        <SSFZL value="受理费" nameCN="诉讼费种类" />
      </SSFCDJL>
    </SSFCD>
    <SFFHCS value="否" nameCN="是否发回重审" />
    <KSSZ value="天津市第一中级人民法院" nameCN="可上诉至" />
    <SSTJCL value="上诉状，并按对方当事人的人数提出副本" nameCN="上诉提交材料" />
    <SSQX value="十五日" nameCN="上诉期限" />
    <TCGXQYY value="否" nameCN="是否提出管辖权异议" />
  </CPJG>
  <WW value="审判员井连江 二○一六年十二月十五日 书记员咸西康" nameCN="文尾">
    <SPZZCY nameCN="审判组织成员">
      <SPRYXM value="井连江" nameCN="审判人员姓名" />
      <SPRYJS value="审判员" nameCN="审判人员角色" />
    </SPZZCY>
    <SPZZCY nameCN="审判组织成员">
      <SPRYXM value="咸西康" nameCN="审判人员姓名" />
      <SPRYJS value="书记员" nameCN="审判人员角色" />
    </SPZZCY>
    <CPSJ value="2016年12月15日" nameCN="裁判时间">
      <Year value="2016" nameCN="结案年度" />
      <JANYR value="2016年12月15日" nameCN="结案年月日" />
      <JANY value="2016-12" nameCN="结案年月" />
      <Month value="12" nameCN="月" />
      <Day value="15" nameCN="日" />
    </CPSJ>
  </WW>
</QW>

